Date,Food item,Qty,Temperature,Precipitation,Day,Month,Special Occasion ,Year
2018-01-01,1,30,21,1.0,1,1,2,2018
2018-01-02,1,12,18,27.0,2,1,1,2018
2018-01-03,1,10,27,8.1,3,1,1,2018
2018-01-04,1,44,29,29.9,4,1,1,2018
2018-01-05,1,11,25,0.8,5,1,1,2018
2018-01-06,1,15,22,18.6,6,1,1,2018
2018-01-07,1,16,27,25.0,7,1,1,2018
2018-01-08,1,17,19,9.1,8,1,1,2018
2018-01-09,1,26,21,7.0,9,1,1,2018
2018-01-10,1,2,24,3.5,10,1,1,2018
2018-01-11,1,50,17,11.2,11,1,1,2018
2018-01-12,1,12,21,18.7,12,1,1,2018
2018-01-13,1,51,25,4.5,13,1,1,2018
2018-01-14,1,26,25,12.9,14,1,3,2018
2018-01-15,1,23,22,1.1,15,1,1,2018
2018-01-16,1,18,19,27.0,16,1,1,2018
2018-01-17,1,32,18,4.9,17,1,1,2018
2018-01-18,1,49,22,9.9,18,1,1,2018
2018-01-19,1,38,22,1.4,19,1,1,2018
2018-01-20,1,47,17,14.6,20,1,1,2018
2018-01-21,1,3,20,27.7,21,1,1,2018
2018-01-22,1,38,19,13.3,22,1,3,2018
2018-01-23,1,3,16,6.5,23,1,1,2018
2018-01-24,1,30,22,24.9,24,1,1,2018
2018-01-25,1,1,26,26.0,25,1,1,2018
2018-01-26,1,30,28,6.4,26,1,2,2018
2018-01-27,1,45,20,25.5,27,1,1,2018
2018-01-28,1,32,16,31.1,28,1,1,2018
2018-01-29,1,28,26,6.1,29,1,1,2018
2018-01-30,1,21,19,25.5,30,1,1,2018
2018-01-31,1,46,15,23.5,31,1,3,2018
2018-02-01,1,13,26,16.0,1,2,1,2018
2018-02-02,1,27,24,2.7,2,2,1,2018
2018-02-03,1,36,20,3.2,3,2,1,2018
2018-02-04,1,7,27,28.1,4,2,1,2018
2018-02-05,1,22,26,32.5,5,2,1,2018
2018-02-06,1,10,23,22.4,6,2,1,2018
2018-02-07,1,39,15,15.1,7,2,1,2018
2018-02-08,1,15,25,21.5,8,2,1,2018
2018-02-09,1,15,25,19.8,9,2,1,2018
2018-02-10,1,4,29,13.1,10,2,3,2018
2018-02-11,1,32,24,2.9,11,2,1,2018
2018-02-12,1,23,26,27.1,12,2,1,2018
2018-02-13,1,6,26,12.7,13,2,1,2018
2018-02-14,1,24,29,27.0,14,2,2,2018
2018-02-15,1,20,28,8.9,15,2,1,2018
2018-02-16,1,37,28,0.8,16,2,1,2018
2018-02-17,1,20,29,5.9,17,2,1,2018
2018-02-18,1,12,28,15.8,18,2,1,2018
2018-02-19,1,33,17,31.0,19,2,3,2018
2018-02-20,1,28,26,4.1,20,2,1,2018
2018-02-21,1,8,21,28.1,21,2,1,2018
2018-02-22,1,1,18,17.7,22,2,1,2018
2018-02-23,1,37,23,27.2,23,2,1,2018
2018-02-24,1,22,17,10.3,24,2,1,2018
2018-02-25,1,6,19,27.7,25,2,1,2018
2018-02-26,1,21,17,25.5,26,2,1,2018
2018-02-27,1,32,21,8.2,27,2,1,2018
2018-02-28,1,35,19,5.0,28,2,1,2018
2018-03-01,1,15,23,28.6,1,3,3,2018
2018-03-02,1,5,21,31.6,2,3,3,2018
2018-03-03,1,46,16,1.8,3,3,1,2018
2018-03-04,1,50,18,24.2,4,3,1,2018
2018-03-05,1,48,23,29.9,5,3,1,2018
2018-03-06,1,6,26,28.2,6,3,1,2018
2018-03-07,1,25,28,31.7,7,3,1,2018
2018-03-08,1,46,16,25.1,8,3,1,2018
2018-03-09,1,40,24,15.0,9,3,1,2018
2018-03-10,1,29,23,10.8,10,3,1,2018
2018-03-11,1,7,24,11.1,11,3,1,2018
2018-03-12,1,40,19,24.0,12,3,1,2018
2018-03-13,1,13,16,24.7,13,3,1,2018
2018-03-14,1,38,18,7.2,14,3,1,2018
2018-03-15,1,18,26,28.6,15,3,1,2018
2018-03-16,1,2,29,23.7,16,3,1,2018
2018-03-17,1,8,26,18.8,17,3,1,2018
2018-03-18,1,11,21,15.9,18,3,3,2018
2018-03-19,1,33,26,18.2,19,3,1,2018
2018-03-20,1,38,27,5.9,20,3,1,2018
2018-03-21,1,48,22,7.3,21,3,1,2018
2018-03-22,1,27,29,3.7,22,3,1,2018
2018-03-23,1,20,17,5.7,23,3,1,2018
2018-03-24,1,12,28,15.3,24,3,1,2018
2018-03-25,1,43,15,17.8,25,3,3,2018
2018-03-26,1,31,18,1.4,26,3,1,2018
2018-03-27,1,27,16,26.3,27,3,1,2018
2018-03-28,1,32,22,10.2,28,3,1,2018
2018-03-29,1,10,18,30.0,29,3,2,2018
2018-03-30,1,3,16,31.8,30,3,5,2018
2018-03-31,1,45,28,6.7,31,3,1,2018
2018-04-01,1,27,20,15.6,1,4,5,2018
2018-04-02,1,35,20,0.8,2,4,1,2018
2018-04-03,1,31,24,19.9,3,4,1,2018
2018-04-04,1,15,18,20.2,4,4,1,2018
2018-04-05,1,16,20,8.7,5,4,1,2018
2018-04-06,1,13,27,18.7,6,4,1,2018
2018-04-07,1,49,29,8.0,7,4,1,2018
2018-04-08,1,35,16,5.9,8,4,1,2018
2018-04-09,1,52,24,21.6,9,4,1,2018
2018-04-10,1,11,26,11.2,10,4,1,2018
2018-04-11,1,21,16,19.7,11,4,1,2018
2018-04-12,1,51,24,14.7,12,4,1,2018
2018-04-13,1,11,28,32.3,13,4,1,2018
2018-04-14,1,30,18,5.6,14,4,3,2018
2018-04-15,1,48,28,15.7,15,4,3,2018
2018-04-16,1,35,29,22.6,16,4,1,2018
2018-04-17,1,22,29,13.5,17,4,1,2018
2018-04-18,1,38,22,32.0,18,4,1,2018
2018-04-19,1,31,28,23.9,19,4,1,2018
2018-04-20,1,14,21,21.8,20,4,1,2018
2018-04-21,1,24,26,25.0,21,4,1,2018
2018-04-22,1,50,23,31.3,22,4,1,2018
2018-04-23,1,49,28,29.9,23,4,1,2018
2018-04-24,1,32,22,24.0,24,4,1,2018
2018-04-25,1,36,19,24.8,25,4,1,2018
2018-04-26,1,32,27,5.5,26,4,1,2018
2018-04-27,1,15,16,4.1,27,4,1,2018
2018-04-28,1,43,29,19.1,28,4,1,2018
2018-04-29,1,35,19,1.4,29,4,1,2018
2018-04-30,1,3,22,16.2,30,4,3,2018
2018-05-01,1,16,24,7.5,1,5,1,2018
2018-05-02,1,5,23,11.9,2,5,1,2018
2018-05-03,1,21,26,25.6,3,5,1,2018
2018-05-04,1,10,26,30.9,4,5,1,2018
2018-05-05,1,19,26,3.1,5,5,1,2018
2018-05-06,1,25,27,17.9,6,5,1,2018
2018-05-07,1,4,23,29.0,7,5,1,2018
2018-05-08,1,29,27,3.4,8,5,1,2018
2018-05-09,1,19,29,27.2,9,5,3,2018
2018-05-10,1,43,27,12.2,10,5,1,2018
2018-05-11,1,2,15,11.1,11,5,1,2018
2018-05-12,1,10,23,32.1,12,5,1,2018
2018-05-13,1,43,21,7.2,13,5,1,2018
2018-05-14,1,25,23,23.0,14,5,1,2018
2018-05-15,1,20,22,27.1,15,5,1,2018
2018-05-16,1,48,15,2.1,16,5,1,2018
2018-05-17,1,19,26,22.3,17,5,1,2018
2018-05-18,1,23,22,31.2,18,5,1,2018
2018-05-19,1,24,22,4.8,19,5,1,2018
2018-05-20,1,11,29,29.5,20,5,1,2018
2018-05-21,1,46,25,19.8,21,5,1,2018
2018-05-22,1,34,17,20.5,22,5,1,2018
2018-05-23,1,28,15,20.4,23,5,1,2018
2018-05-24,1,5,22,10.4,24,5,1,2018
2018-05-25,1,5,17,30.7,25,5,1,2018
2018-05-26,1,51,17,31.1,26,5,1,2018
2018-05-27,1,21,15,20.8,27,5,1,2018
2018-05-28,1,12,25,25.9,28,5,1,2018
2018-05-29,1,50,19,20.4,29,5,1,2018
2018-05-30,1,4,24,16.3,30,5,1,2018
2018-05-31,1,49,21,21.9,31,5,1,2018
2018-06-01,1,42,24,18.5,1,6,1,2018
2018-06-02,1,20,23,19.9,2,6,1,2018
2018-06-03,1,38,26,25.9,3,6,1,2018
2018-06-04,1,25,21,16.2,4,6,1,2018
2018-06-05,1,14,23,2.1,5,6,1,2018
2018-06-06,1,11,22,6.0,6,6,1,2018
2018-06-07,1,32,26,14.8,7,6,1,2018
2018-06-08,1,11,16,24.0,8,6,1,2018
2018-06-09,1,18,15,19.8,9,6,1,2018
2018-06-10,1,27,21,21.6,10,6,1,2018
2018-06-11,1,18,21,16.1,11,6,1,2018
2018-06-12,1,23,28,20.5,12,6,1,2018
2018-06-13,1,11,22,11.3,13,6,1,2018
2018-06-14,1,21,19,15.8,14,6,1,2018
2018-06-15,1,44,17,24.6,15,6,4,2018
2018-06-16,1,5,26,28.7,16,6,4,2018
2018-06-17,1,23,22,14.7,17,6,1,2018
2018-06-18,1,41,20,2.2,18,6,1,2018
2018-06-19,1,25,25,6.0,19,6,1,2018
2018-06-20,1,41,17,1.5,20,6,1,2018
2018-06-21,1,10,15,21.7,21,6,1,2018
2018-06-22,1,22,17,11.4,22,6,1,2018
2018-06-23,1,19,19,18.2,23,6,1,2018
2018-06-24,1,1,29,16.6,24,6,1,2018
2018-06-25,1,7,28,3.4,25,6,1,2018
2018-06-26,1,4,17,13.7,26,6,1,2018
2018-06-27,1,1,15,7.9,27,6,1,2018
2018-06-28,1,15,19,14.2,28,6,1,2018
2018-06-29,1,40,24,7.3,29,6,1,2018
2018-06-30,1,12,21,27.7,30,6,1,2018
2018-07-01,1,22,29,6.4,1,7,1,2018
2018-07-02,1,22,28,31.5,2,7,1,2018
2018-07-03,1,50,21,14.1,3,7,1,2018
2018-07-04,1,47,25,27.9,4,7,1,2018
2018-07-05,1,17,23,20.9,5,7,1,2018
2018-07-06,1,29,29,24.3,6,7,1,2018
2018-07-07,1,46,29,25.4,7,7,1,2018
2018-07-08,1,14,24,17.0,8,7,1,2018
2018-07-09,1,50,24,18.2,9,7,1,2018
2018-07-10,1,20,26,17.2,10,7,1,2018
2018-07-11,1,50,27,19.6,11,7,1,2018
2018-07-12,1,48,17,1.7,12,7,1,2018
2018-07-13,1,33,29,13.5,13,7,1,2018
2018-07-14,1,43,21,20.2,14,7,2,2018
2018-07-15,1,15,15,19.9,15,7,1,2018
2018-07-16,1,12,18,26.2,16,7,1,2018
2018-07-17,1,40,27,21.8,17,7,1,2018
2018-07-18,1,20,18,32.5,18,7,1,2018
2018-07-19,1,30,28,9.9,19,7,1,2018
2018-07-20,1,38,19,12.3,20,7,1,2018
2018-07-21,1,3,21,13.1,21,7,1,2018
2018-07-22,1,28,21,15.7,22,7,1,2018
2018-07-23,1,26,27,27.6,23,7,1,2018
2018-07-24,1,30,29,8.3,24,7,1,2018
2018-07-25,1,13,25,25.6,25,7,1,2018
2018-07-26,1,13,27,13.8,26,7,1,2018
2018-07-27,1,2,18,20.1,27,7,1,2018
2018-07-28,1,37,27,21.0,28,7,1,2018
2018-07-29,1,49,21,12.7,29,7,1,2018
2018-07-30,1,38,25,17.2,30,7,1,2018
2018-07-31,1,2,17,14.0,31,7,1,2018
2018-08-01,1,36,20,3.0,1,8,1,2018
2018-08-02,1,26,26,14.8,2,8,1,2018
2018-08-03,1,11,16,3.9,3,8,1,2018
2018-08-04,1,8,24,13.8,4,8,1,2018
2018-08-05,1,44,27,19.8,5,8,1,2018
2018-08-06,1,40,28,19.3,6,8,1,2018
2018-08-07,1,43,23,22.0,7,8,1,2018
2018-08-08,1,22,19,3.8,8,8,1,2018
2018-08-09,1,20,20,21.7,9,8,1,2018
2018-08-10,1,8,26,10.8,10,8,1,2018
2018-08-11,1,29,26,13.6,11,8,1,2018
2018-08-12,1,40,26,28.3,12,8,1,2018
2018-08-13,1,26,26,1.1,13,8,1,2018
2018-08-14,1,30,18,19.6,14,8,1,2018
2018-08-15,1,17,28,20.0,15,8,2,2018
2018-08-16,1,20,28,13.5,16,8,1,2018
2018-08-17,1,52,25,8.4,17,8,4,2018
2018-08-18,1,16,24,8.3,18,8,1,2018
2018-08-19,1,46,21,29.1,19,8,1,2018
2018-08-20,1,43,26,14.9,20,8,1,2018
2018-08-21,1,7,23,11.4,21,8,1,2018
2018-08-22,1,16,21,15.2,22,8,4,2018
2018-08-23,1,45,28,22.2,23,8,1,2018
2018-08-24,1,47,15,5.5,24,8,1,2018
2018-08-25,1,48,15,15.2,25,8,2,2018
2018-08-26,1,27,23,19.6,26,8,2,2018
2018-08-27,1,23,25,31.2,27,8,1,2018
2018-08-28,1,24,28,8.9,28,8,1,2018
2018-08-29,1,9,23,12.3,29,8,1,2018
2018-08-30,1,35,18,12.9,30,8,1,2018
2018-08-31,1,51,27,20.2,31,8,1,2018
2018-09-01,1,20,23,12.2,1,9,1,2018
2018-09-02,1,37,17,17.9,2,9,1,2018
2018-09-03,1,42,21,25.8,3,9,3,2018
2018-09-04,1,17,20,23.4,4,9,1,2018
2018-09-05,1,47,22,15.1,5,9,1,2018
2018-09-06,1,31,25,28.5,6,9,1,2018
2018-09-07,1,8,23,18.7,7,9,1,2018
2018-09-08,1,15,28,18.1,8,9,1,2018
2018-09-09,1,31,19,1.9,9,9,1,2018
2018-09-10,1,30,15,32.4,10,9,1,2018
2018-09-11,1,46,17,4.7,11,9,1,2018
2018-09-12,1,20,24,8.2,12,9,1,2018
2018-09-13,1,39,26,2.5,13,9,3,2018
2018-09-14,1,12,22,21.3,14,9,1,2018
2018-09-15,1,49,29,8.0,15,9,1,2018
2018-09-16,1,17,25,6.6,16,9,1,2018
2018-09-17,1,42,20,3.6,17,9,1,2018
2018-09-18,1,30,22,4.1,18,9,1,2018
2018-09-19,1,29,23,19.5,19,9,1,2018
2018-09-20,1,19,18,22.8,20,9,1,2018
2018-09-21,1,46,15,13.5,21,9,4,2018
2018-09-22,1,11,28,16.2,22,9,1,2018
2018-09-23,1,34,15,22.8,23,9,1,2018
2018-09-24,1,50,24,1.4,24,9,1,2018
2018-09-25,1,7,18,11.1,25,9,1,2018
2018-09-26,1,44,26,31.9,26,9,1,2018
2018-09-27,1,34,28,19.4,27,9,1,2018
2018-09-28,1,20,21,8.9,28,9,1,2018
2018-09-29,1,50,16,17.5,29,9,1,2018
2018-09-30,1,38,17,11.8,30,9,1,2018
2018-10-01,1,24,15,17.8,1,10,1,2018
2018-10-02,1,10,19,4.8,2,10,2,2018
2018-10-03,1,32,15,5.0,3,10,1,2018
2018-10-04,1,52,22,5.4,4,10,1,2018
2018-10-05,1,15,15,30.9,5,10,1,2018
2018-10-06,1,37,25,24.3,6,10,1,2018
2018-10-07,1,20,15,6.0,7,10,1,2018
2018-10-08,1,3,16,6.8,8,10,1,2018
2018-10-09,1,37,16,24.2,9,10,1,2018
2018-10-10,1,40,26,5.8,10,10,1,2018
2018-10-11,1,8,20,8.3,11,10,1,2018
2018-10-12,1,40,21,31.6,12,10,1,2018
2018-10-13,1,44,19,9.0,13,10,1,2018
2018-10-14,1,23,15,22.0,14,10,1,2018
2018-10-15,1,40,15,32.1,15,10,1,2018
2018-10-16,1,11,17,12.8,16,10,3,2018
2018-10-17,1,46,28,1.4,17,10,3,2018
2018-10-18,1,8,16,8.6,18,10,3,2018
2018-10-19,1,29,19,27.4,19,10,3,2018
2018-10-20,1,30,26,28.5,20,10,1,2018
2018-10-21,1,10,24,25.4,21,10,1,2018
2018-10-22,1,39,20,4.4,22,10,1,2018
2018-10-23,1,28,21,26.3,23,10,1,2018
2018-10-24,1,49,18,30.2,24,10,3,2018
2018-10-25,1,36,21,20.0,25,10,1,2018
2018-10-26,1,13,25,30.9,26,10,1,2018
2018-10-27,1,32,22,27.3,27,10,3,2018
2018-10-28,1,36,25,22.1,28,10,1,2018
2018-10-29,1,37,15,19.3,29,10,1,2018
2018-10-30,1,26,29,12.0,30,10,1,2018
2018-10-31,1,22,20,5.9,31,10,1,2018
2018-11-01,1,4,22,20.2,1,11,1,2018
2018-11-02,1,31,19,11.0,2,11,1,2018
2018-11-03,1,18,18,28.5,3,11,1,2018
2018-11-04,1,38,16,32.6,4,11,1,2018
2018-11-05,1,24,20,24.9,5,11,1,2018
2018-11-06,1,23,20,3.7,6,11,3,2018
2018-11-07,1,22,25,10.0,7,11,3,2018
2018-11-08,1,2,29,4.3,8,11,3,2018
2018-11-09,1,31,15,21.6,9,11,3,2018
2018-11-10,1,11,23,25.3,10,11,1,2018
2018-11-11,1,28,26,30.4,11,11,1,2018
2018-11-12,1,46,25,14.8,12,11,1,2018
2018-11-13,1,32,20,29.6,13,11,3,2018
2018-11-14,1,5,27,28.9,14,11,1,2018
2018-11-15,1,38,17,11.0,15,11,1,2018
2018-11-16,1,10,18,28.6,16,11,1,2018
2018-11-17,1,40,26,12.8,17,11,1,2018
2018-11-18,1,46,25,10.3,18,11,1,2018
2018-11-19,1,24,18,21.6,19,11,1,2018
2018-11-20,1,35,17,11.3,20,11,1,2018
2018-11-21,1,44,24,21.0,21,11,4,2018
2018-11-22,1,48,17,20.3,22,11,1,2018
2018-11-23,1,23,29,18.8,23,11,3,2018
2018-11-24,1,17,17,13.0,24,11,3,2018
2018-11-25,1,1,18,18.4,25,11,1,2018
2018-11-26,1,31,21,19.9,26,11,1,2018
2018-11-27,1,31,18,18.3,27,11,1,2018
2018-11-28,1,42,23,15.0,28,11,1,2018
2018-11-29,1,42,15,1.3,29,11,1,2018
2018-11-30,1,34,22,19.6,30,11,1,2018
2018-12-01,1,9,21,6.2,1,12,1,2018
2018-12-02,1,22,16,21.4,2,12,1,2018
2018-12-03,1,13,22,25.1,3,12,1,2018
2018-12-04,1,25,15,16.8,4,12,1,2018
2018-12-05,1,48,25,18.2,5,12,1,2018
2018-12-06,1,18,26,31.2,6,12,1,2018
2018-12-07,1,51,23,27.9,7,12,1,2018
2018-12-08,1,12,23,30.1,8,12,1,2018
2018-12-09,1,40,16,26.8,9,12,1,2018
2018-12-10,1,17,21,4.3,10,12,1,2018
2018-12-11,1,15,29,5.6,11,12,1,2018
2018-12-12,1,42,28,17.7,12,12,1,2018
2018-12-13,1,15,24,8.7,13,12,1,2018
2018-12-14,1,15,17,16.1,14,12,1,2018
2018-12-15,1,39,21,13.4,15,12,1,2018
2018-12-16,1,13,26,18.4,16,12,1,2018
2018-12-17,1,17,24,24.7,17,12,1,2018
2018-12-18,1,32,23,23.7,18,12,1,2018
2018-12-19,1,9,18,17.5,19,12,1,2018
2018-12-20,1,40,26,27.1,20,12,1,2018
2018-12-21,1,20,15,14.6,21,12,1,2018
2018-12-22,1,26,16,29.5,22,12,1,2018
2018-12-23,1,27,15,3.1,23,12,1,2018
2018-12-24,1,21,28,31.3,24,12,2,2018
2018-12-25,1,18,26,21.8,25,12,2,2018
2018-12-26,1,13,19,13.0,26,12,1,2018
2018-12-27,1,16,19,7.1,27,12,1,2018
2018-12-28,1,9,25,16.1,28,12,1,2018
2018-12-29,1,12,21,7.0,29,12,1,2018
2018-12-30,1,44,23,6.1,30,12,1,2018
2018-12-31,1,38,23,20.6,31,12,1,2018
2019-01-01,1,19,17,17.5,1,1,2,2019
2019-01-02,1,7,17,22.2,2,1,1,2019
2019-01-03,1,35,17,30.5,3,1,1,2019
2019-01-04,1,48,18,17.8,4,1,1,2019
2019-01-05,1,18,22,19.4,5,1,1,2019
2019-01-06,1,16,20,3.7,6,1,1,2019
2019-01-07,1,39,22,23.8,7,1,1,2019
2019-01-08,1,4,15,13.6,8,1,1,2019
2019-01-09,1,25,22,32.1,9,1,1,2019
2019-01-10,1,32,18,27.1,10,1,1,2019
2019-01-11,1,40,25,17.5,11,1,1,2019
2019-01-12,1,13,15,4.7,12,1,1,2019
2019-01-13,1,45,22,28.3,13,1,1,2019
2019-01-14,1,17,18,26.4,14,1,3,2019
2019-01-15,1,49,20,6.7,15,1,1,2019
2019-01-16,1,37,22,10.2,16,1,1,2019
2019-01-17,1,6,18,26.2,17,1,1,2019
2019-01-18,1,19,28,6.7,18,1,1,2019
2019-01-19,1,13,17,30.2,19,1,1,2019
2019-01-20,1,26,28,14.4,20,1,1,2019
2019-01-21,1,14,23,3.6,21,1,1,2019
2019-01-22,1,31,17,26.9,22,1,1,2019
2019-01-23,1,4,23,12.8,23,1,1,2019
2019-01-24,1,39,27,17.6,24,1,1,2019
2019-01-25,1,8,16,4.4,25,1,1,2019
2019-01-26,1,25,28,0.9,26,1,2,2019
2019-01-27,1,13,16,21.2,27,1,1,2019
2019-01-28,1,32,16,17.3,28,1,1,2019
2019-01-29,1,38,20,19.8,29,1,1,2019
2019-01-30,1,38,17,26.2,30,1,1,2019
2019-01-31,1,28,27,21.5,31,1,1,2019
2019-02-01,1,30,23,6.4,1,2,1,2019
2019-02-02,1,3,18,12.3,2,2,1,2019
2019-02-03,1,28,15,29.8,3,2,1,2019
2019-02-04,1,3,18,25.4,4,2,1,2019
2019-02-05,1,45,15,18.6,5,2,1,2019
2019-02-06,1,34,28,9.0,6,2,1,2019
2019-02-07,1,16,19,10.5,7,2,1,2019
2019-02-08,1,22,18,24.2,8,2,1,2019
2019-02-09,1,32,22,28.0,9,2,1,2019
2019-02-10,1,38,22,22.3,10,2,3,2019
2019-02-11,1,8,21,26.7,11,2,1,2019
2019-02-12,1,8,17,25.3,12,2,1,2019
2019-02-13,1,6,15,5.6,13,2,1,2019
2019-02-14,1,14,15,14.4,14,2,1,2019
2019-02-15,1,32,26,5.7,15,2,1,2019
2019-02-16,1,35,25,8.3,16,2,1,2019
2019-02-17,1,10,17,28.6,17,2,1,2019
2019-02-18,1,3,20,15.9,18,2,1,2019
2019-02-19,1,12,21,17.9,19,2,3,2019
2019-02-20,1,49,20,6.5,20,2,1,2019
2019-02-21,1,31,28,10.8,21,2,1,2019
2019-02-22,1,29,28,8.2,22,2,1,2019
2019-02-23,1,5,20,7.4,23,2,1,2019
2019-02-24,1,52,20,21.2,24,2,1,2019
2019-02-25,1,25,27,9.0,25,2,1,2019
2019-02-26,1,41,17,21.0,26,2,1,2019
2019-02-27,1,31,20,2.7,27,2,1,2019
2019-02-28,1,21,22,5.3,28,2,1,2019
2019-03-01,1,20,25,9.6,1,3,3,2019
2019-03-02,1,39,25,19.9,2,3,1,2019
2019-03-03,1,22,16,22.4,3,3,1,2019
2019-03-04,1,4,19,15.0,4,3,2,2019
2019-03-05,1,13,28,15.1,5,3,1,2019
2019-03-06,1,45,15,24.0,6,3,1,2019
2019-03-07,1,42,26,1.3,7,3,1,2019
2019-03-08,1,50,29,11.7,8,3,1,2019
2019-03-09,1,49,15,27.0,9,3,1,2019
2019-03-10,1,20,19,20.1,10,3,1,2019
2019-03-11,1,52,26,11.6,11,3,1,2019
2019-03-12,1,13,27,29.8,12,3,1,2019
2019-03-13,1,17,17,25.5,13,3,1,2019
2019-03-14,1,36,18,9.3,14,3,1,2019
2019-03-15,1,33,17,21.4,15,3,1,2019
2019-03-16,1,1,15,19.9,16,3,1,2019
2019-03-17,1,15,15,13.6,17,3,1,2019
2019-03-18,1,13,26,12.5,18,3,1,2019
2019-03-19,1,17,26,11.8,19,3,1,2019
2019-03-20,1,24,28,20.5,20,3,1,2019
2019-03-21,1,8,27,15.0,21,3,1,2019
2019-03-22,1,50,28,27.4,22,3,1,2019
2019-03-23,1,27,19,22.2,23,3,1,2019
2019-03-24,1,45,20,3.0,24,3,1,2019
2019-03-25,1,23,17,21.3,25,3,1,2019
2019-03-26,1,46,26,9.5,26,3,1,2019
2019-03-27,1,8,23,19.8,27,3,1,2019
2019-03-28,1,8,19,22.6,28,3,1,2019
2019-03-29,1,26,22,8.2,29,3,1,2019
2019-03-30,1,47,27,15.4,30,3,1,2019
2019-03-31,1,13,15,6.9,31,3,1,2019
2019-04-01,1,39,28,2.5,1,4,1,2019
2019-04-02,1,37,19,12.9,2,4,1,2019
2019-04-03,1,49,29,12.4,3,4,1,2019
2019-04-04,1,28,17,32.7,4,4,1,2019
2019-04-05,1,25,26,15.1,5,4,1,2019
2019-04-06,1,16,15,11.5,6,4,1,2019
2019-04-07,1,2,18,19.4,7,4,1,2019
2019-04-08,1,18,29,3.6,8,4,1,2019
2019-04-09,1,17,27,31.6,9,4,1,2019
2019-04-10,1,30,19,21.1,10,4,1,2019
2019-04-11,1,39,21,25.0,11,4,1,2019
2019-04-12,1,13,15,6.3,12,4,1,2019
2019-04-13,1,32,17,13.9,13,4,1,2019
2019-04-14,1,50,16,14.3,14,4,1,2019
2019-04-15,1,29,23,27.1,15,4,1,2019
2019-04-16,1,46,24,0.8,16,4,1,2019
2019-04-17,1,30,29,10.4,17,4,2,2019
2019-04-18,1,18,20,32.2,18,4,1,2019
2019-04-19,1,13,24,16.0,19,4,5,2019
2019-04-20,1,43,17,13.0,20,4,1,2019
2019-04-21,1,21,22,4.6,21,4,5,2019
2019-04-22,1,30,28,32.0,22,4,1,2019
2019-04-23,1,21,22,1.4,23,4,1,2019
2019-04-24,1,48,16,24.4,24,4,1,2019
2019-04-25,1,17,29,25.4,25,4,1,2019
2019-04-26,1,40,20,8.6,26,4,1,2019
2019-04-27,1,19,21,22.3,27,4,1,2019
2019-04-28,1,52,16,3.8,28,4,1,2019
2019-04-29,1,15,29,9.0,29,4,1,2019
2019-04-30,1,9,25,26.0,30,4,1,2019
2019-05-01,1,52,24,28.5,1,5,1,2019
2019-05-02,1,10,16,20.3,2,5,1,2019
2019-05-03,1,44,24,17.0,3,5,1,2019
2019-05-04,1,31,15,5.9,4,5,1,2019
2019-05-05,1,23,22,2.8,5,5,1,2019
2019-05-06,1,52,15,4.6,6,5,1,2019
2019-05-07,1,30,23,8.1,7,5,1,2019
2019-05-08,1,33,25,11.7,8,5,1,2019
2019-05-09,1,52,20,13.0,9,5,3,2019
2019-05-10,1,9,21,11.9,10,5,1,2019
2019-05-11,1,47,27,8.4,11,5,1,2019
2019-05-12,1,1,24,17.1,12,5,1,2019
2019-05-13,1,44,21,27.2,13,5,1,2019
2019-05-14,1,35,24,9.8,14,5,1,2019
2019-05-15,1,11,17,31.0,15,5,1,2019
2019-05-16,1,34,16,28.7,16,5,1,2019
2019-05-17,1,16,23,6.0,17,5,1,2019
2019-05-18,1,9,22,26.0,18,5,3,2019
2019-05-19,1,32,27,19.2,19,5,1,2019
2019-05-20,1,15,26,18.9,20,5,1,2019
2019-05-21,1,12,24,13.3,21,5,1,2019
2019-05-22,1,33,21,16.8,22,5,1,2019
2019-05-23,1,45,23,13.5,23,5,1,2019
2019-05-24,1,14,18,18.1,24,5,1,2019
2019-05-25,1,8,27,20.9,25,5,1,2019
2019-05-26,1,8,18,22.4,26,5,1,2019
2019-05-27,1,27,15,17.8,27,5,1,2019
2019-05-28,1,12,22,23.9,28,5,1,2019
2019-05-29,1,1,28,5.3,29,5,1,2019
2019-05-30,1,43,28,7.6,30,5,1,2019
2019-05-31,1,40,26,27.0,31,5,4,2019
2019-06-01,1,42,17,11.1,1,6,1,2019
2019-06-02,1,51,21,1.5,2,6,1,2019
2019-06-03,1,11,29,5.7,3,6,1,2019
2019-06-04,1,39,26,8.0,4,6,1,2019
2019-06-05,1,43,16,31.4,5,6,1,2019
2019-06-06,1,31,16,19.1,6,6,1,2019
2019-06-07,1,17,21,30.6,7,6,1,2019
2019-06-08,1,33,29,19.2,8,6,1,2019
2019-06-09,1,32,20,16.1,9,6,1,2019
2019-06-10,1,29,17,10.8,10,6,1,2019
2019-06-11,1,21,23,20.2,11,6,1,2019
2019-06-12,1,21,24,5.3,12,6,1,2019
2019-06-13,1,40,29,29.5,13,6,1,2019
2019-06-14,1,23,28,27.3,14,6,1,2019
2019-06-15,1,6,27,11.0,15,6,1,2019
2019-06-16,1,22,20,31.3,16,6,1,2019
2019-06-17,1,50,24,27.2,17,6,1,2019
2019-06-18,1,38,24,22.1,18,6,1,2019
2019-06-19,1,37,20,4.7,19,6,1,2019
2019-06-20,1,45,15,16.1,20,6,1,2019
2019-06-21,1,51,18,17.0,21,6,1,2019
2019-06-22,1,8,24,8.2,22,6,1,2019
2019-06-23,1,41,20,3.4,23,6,1,2019
2019-06-24,1,49,29,25.7,24,6,1,2019
2019-06-25,1,35,20,4.7,25,6,1,2019
2019-06-26,1,51,25,19.8,26,6,1,2019
2019-06-27,1,11,26,30.8,27,6,1,2019
2019-06-28,1,24,19,28.8,28,6,1,2019
2019-06-29,1,49,15,9.7,29,6,1,2019
2019-06-30,1,21,22,28.0,30,6,1,2019
2019-07-01,1,51,19,0.8,1,7,1,2019
2019-07-02,1,2,26,1.4,2,7,1,2019
2019-07-03,1,40,26,20.1,3,7,1,2019
2019-07-04,1,19,26,12.5,4,7,2,2019
2019-07-05,1,39,19,13.2,5,7,1,2019
2019-07-06,1,28,21,18.9,6,7,1,2019
2019-07-07,1,17,18,6.9,7,7,1,2019
2019-07-08,1,6,20,7.6,8,7,1,2019
2019-07-09,1,19,27,16.3,9,7,1,2019
2019-07-10,1,38,18,24.9,10,7,1,2019
2019-07-11,1,28,28,20.6,11,7,1,2019
2019-07-12,1,2,29,10.3,12,7,1,2019
2019-07-13,1,38,17,14.6,13,7,1,2019
2019-07-14,1,37,21,6.3,14,7,1,2019
2019-07-15,1,51,22,3.2,15,7,1,2019
2019-07-16,1,52,18,25.8,16,7,1,2019
2019-07-17,1,4,27,9.3,17,7,1,2019
2019-07-18,1,22,16,6.5,18,7,1,2019
2019-07-19,1,26,26,22.9,19,7,1,2019
2019-07-20,1,49,24,20.6,20,7,1,2019
2019-07-21,1,43,28,21.1,21,7,1,2019
2019-07-22,1,36,17,8.1,22,7,1,2019
2019-07-23,1,13,15,8.2,23,7,1,2019
2019-07-24,1,52,22,7.9,24,7,1,2019
2019-07-25,1,32,29,6.4,25,7,1,2019
2019-07-26,1,17,17,21.8,26,7,1,2019
2019-07-27,1,41,26,27.9,27,7,1,2019
2019-07-28,1,36,24,24.0,28,7,1,2019
2019-07-29,1,46,21,26.1,29,7,1,2019
2019-07-30,1,19,24,13.8,30,7,1,2019
2019-07-31,1,35,19,21.7,31,7,1,2019
2019-08-01,1,46,24,12.1,1,8,1,2019
2019-08-02,1,40,19,17.6,2,8,1,2019
2019-08-03,1,28,28,16.2,3,8,1,2019
2019-08-04,1,1,21,6.5,4,8,1,2019
2019-08-05,1,42,29,13.2,5,8,1,2019
2019-08-06,1,18,23,31.6,6,8,1,2019
2019-08-07,1,48,26,8.8,7,8,1,2019
2019-08-08,1,40,19,5.1,8,8,1,2019
2019-08-09,1,33,15,14.2,9,8,1,2019
2019-08-10,1,12,24,26.1,10,8,1,2019
2019-08-11,1,8,24,19.4,11,8,1,2019
2019-08-12,1,24,15,22.6,12,8,4,2019
2019-08-13,1,16,29,6.9,13,8,1,2019
2019-08-14,1,50,16,20.6,14,8,1,2019
2019-08-15,1,4,28,11.2,15,8,2,2019
2019-08-16,1,38,20,27.5,16,8,1,2019
2019-08-17,1,44,23,20.9,17,8,1,2019
2019-08-18,1,27,22,7.2,18,8,1,2019
2019-08-19,1,9,27,2.9,19,8,1,2019
2019-08-20,1,47,19,2.2,20,8,1,2019
2019-08-21,1,16,15,12.7,21,8,1,2019
2019-08-22,1,12,27,9.3,22,8,1,2019
2019-08-23,1,31,21,21.5,23,8,1,2019
2019-08-24,1,24,29,16.8,24,8,3,2019
2019-08-25,1,14,19,9.3,25,8,1,2019
2019-08-26,1,45,20,5.6,26,8,1,2019
2019-08-27,1,25,27,4.9,27,8,1,2019
2019-08-28,1,34,21,28.5,28,8,1,2019
2019-08-29,1,3,17,8.6,29,8,1,2019
2019-08-30,1,24,26,21.7,30,8,1,2019
2019-08-31,1,42,24,26.7,31,8,1,2019
2019-09-01,1,9,17,20.5,1,9,1,2019
2019-09-02,1,26,19,28.3,2,9,1,2019
2019-09-03,1,20,20,13.4,3,9,1,2019
2019-09-04,1,40,23,31.4,4,9,1,2019
2019-09-05,1,10,27,5.1,5,9,1,2019
2019-09-06,1,19,28,4.1,6,9,1,2019
2019-09-07,1,3,26,21.9,7,9,1,2019
2019-09-08,1,24,19,31.0,8,9,1,2019
2019-09-09,1,5,29,26.7,9,9,1,2019
2019-09-10,1,3,15,3.2,10,9,4,2019
2019-09-11,1,27,28,9.7,11,9,2,2019
2019-09-12,1,16,28,30.6,12,9,1,2019
2019-09-13,1,49,28,8.9,13,9,1,2019
2019-09-14,1,15,18,25.8,14,9,1,2019
2019-09-15,1,35,19,27.2,15,9,1,2019
2019-09-16,1,12,26,16.7,16,9,1,2019
2019-09-17,1,41,24,13.2,17,9,1,2019
2019-09-18,1,44,24,15.2,18,9,1,2019
2019-09-19,1,26,19,8.1,19,9,1,2019
2019-09-20,1,47,21,29.3,20,9,1,2019
2019-09-21,1,34,18,15.2,21,9,1,2019
2019-09-22,1,23,15,29.0,22,9,1,2019
2019-09-23,1,31,28,4.2,23,9,1,2019
2019-09-24,1,50,28,32.4,24,9,1,2019
2019-09-25,1,20,19,15.0,25,9,1,2019
2019-09-26,1,12,21,2.3,26,9,1,2019
2019-09-27,1,23,24,2.0,27,9,1,2019
2019-09-28,1,4,24,24.7,28,9,1,2019
2019-09-29,1,23,20,21.9,29,9,1,2019
2019-09-30,1,48,19,26.5,30,9,1,2019
2019-10-01,1,48,18,4.2,1,10,1,2019
2019-10-02,1,1,16,1.9,2,10,2,2019
2019-10-03,1,25,18,17.1,3,10,1,2019
2019-10-04,1,2,29,13.2,4,10,1,2019
2019-10-05,1,30,24,15.6,5,10,3,2019
2019-10-06,1,3,24,32.5,6,10,3,2019
2019-10-07,1,21,17,31.9,7,10,3,2019
2019-10-08,1,25,24,31.0,8,10,3,2019
2019-10-09,1,20,15,25.9,9,10,1,2019
2019-10-10,1,49,22,12.2,10,10,1,2019
2019-10-11,1,52,19,14.0,11,10,1,2019
2019-10-12,1,22,27,18.4,12,10,1,2019
2019-10-13,1,21,18,27.4,13,10,3,2019
2019-10-14,1,33,22,3.0,14,10,1,2019
2019-10-15,1,52,21,14.4,15,10,1,2019
2019-10-16,1,38,16,3.4,16,10,1,2019
2019-10-17,1,15,15,17.3,17,10,3,2019
2019-10-18,1,46,26,29.6,18,10,1,2019
2019-10-19,1,52,25,25.8,19,10,1,2019
2019-10-20,1,15,18,8.1,20,10,1,2019
2019-10-21,1,46,22,32.0,21,10,1,2019
2019-10-22,1,25,26,22.2,22,10,1,2019
2019-10-23,1,21,16,1.1,23,10,1,2019
2019-10-24,1,24,17,9.0,24,10,1,2019
2019-10-25,1,5,26,9.1,25,10,1,2019
2019-10-26,1,6,15,3.0,26,10,1,2019
2019-10-27,1,49,15,31.5,27,10,1,2019
2019-10-28,1,43,27,16.1,28,10,3,2019
2019-10-29,1,48,17,29.5,29,10,3,2019
2019-10-30,1,44,25,11.1,30,10,1,2019
2019-10-31,1,47,19,4.8,31,10,1,2019
2019-11-01,1,23,26,16.0,1,11,1,2019
2019-11-02,1,4,17,4.4,2,11,3,2019
2019-11-03,1,27,15,16.4,3,11,1,2019
2019-11-04,1,18,15,30.2,4,11,1,2019
2019-11-05,1,21,22,17.5,5,11,1,2019
2019-11-06,1,28,24,20.5,6,11,1,2019
2019-11-07,1,35,25,5.8,7,11,1,2019
2019-11-08,1,22,26,2.2,8,11,1,2019
2019-11-09,1,40,27,4.3,9,11,1,2019
2019-11-10,1,23,27,20.0,10,11,4,2019
2019-11-11,1,3,26,3.8,11,11,1,2019
2019-11-12,1,40,29,12.8,12,11,1,2019
2019-11-13,1,50,28,18.4,13,11,1,2019
2019-11-14,1,10,16,13.2,14,11,1,2019
2019-11-15,1,25,27,6.0,15,11,1,2019
2019-11-16,1,52,17,9.6,16,11,1,2019
2019-11-17,1,49,16,30.5,17,11,1,2019
2019-11-18,1,8,17,22.4,18,11,1,2019
2019-11-19,1,11,21,16.7,19,11,1,2019
2019-11-20,1,5,15,1.2,20,11,1,2019
2019-11-21,1,45,24,32.6,21,11,1,2019
2019-11-22,1,37,22,22.3,22,11,1,2019
2019-11-23,1,45,27,10.9,23,11,1,2019
2019-11-24,1,38,24,28.9,24,11,3,2019
2019-11-25,1,29,24,9.1,25,11,1,2019
2019-11-26,1,5,24,18.2,26,11,1,2019
2019-11-27,1,9,28,21.2,27,11,1,2019
2019-11-28,1,48,16,7.9,28,11,1,2019
2019-11-29,1,2,17,32.1,29,11,1,2019
2019-11-30,1,1,23,24.7,30,11,1,2019
2019-12-01,1,40,21,18.7,1,12,1,2019
2019-12-02,1,51,18,6.6,2,12,1,2019
2019-12-03,1,30,24,2.5,3,12,1,2019
2019-12-04,1,11,19,11.0,4,12,1,2019
2019-12-05,1,28,16,24.9,5,12,1,2019
2019-12-06,1,44,27,9.4,6,12,1,2019
2019-12-07,1,12,25,18.1,7,12,1,2019
2019-12-08,1,39,27,24.1,8,12,1,2019
2019-12-09,1,26,22,4.3,9,12,1,2019
2019-12-10,1,13,18,22.7,10,12,1,2019
2019-12-11,1,8,23,3.7,11,12,1,2019
2019-12-12,1,28,19,31.7,12,12,1,2019
2019-12-13,1,30,27,16.4,13,12,1,2019
2019-12-14,1,9,23,5.6,14,12,1,2019
2019-12-15,1,39,18,11.8,15,12,1,2019
2019-12-16,1,31,24,14.0,16,12,1,2019
2019-12-17,1,21,19,25.1,17,12,1,2019
2019-12-18,1,47,23,24.6,18,12,1,2019
2019-12-19,1,34,22,20.4,19,12,1,2019
2019-12-20,1,31,17,4.2,20,12,1,2019
2019-12-21,1,52,15,5.7,21,12,1,2019
2019-12-22,1,25,17,3.8,22,12,1,2019
2019-12-23,1,12,18,19.3,23,12,1,2019
2019-12-24,1,1,16,28.9,24,12,2,2019
2019-12-25,1,22,15,14.7,25,12,2,2019
2019-12-26,1,40,21,5.9,26,12,1,2019
2019-12-27,1,37,22,18.7,27,12,1,2019
2019-12-28,1,47,21,26.8,28,12,1,2019
2019-12-29,1,1,28,24.5,29,12,1,2019
2019-12-30,1,1,19,29.0,30,12,1,2019
2019-12-31,1,42,26,9.7,31,12,1,2019
2020-01-01,1,42,15,7.0,1,1,2,2020
2020-01-02,1,21,21,29.0,2,1,1,2020
2020-01-03,1,15,27,21.8,3,1,1,2020
2020-01-04,1,17,21,10.7,4,1,1,2020
2020-01-05,1,22,23,24.6,5,1,1,2020
2020-01-06,1,38,17,26.9,6,1,1,2020
2020-01-07,1,35,23,20.5,7,1,1,2020
2020-01-08,1,45,28,22.8,8,1,1,2020
2020-01-09,1,16,15,12.8,9,1,1,2020
2020-01-10,1,8,15,18.0,10,1,1,2020
2020-01-11,1,47,28,17.6,11,1,1,2020
2020-01-12,1,17,18,27.9,12,1,1,2020
2020-01-13,1,17,23,27.7,13,1,1,2020
2020-01-14,1,26,20,27.4,14,1,1,2020
2020-01-15,1,13,27,1.2,15,1,1,2020
2020-01-16,1,17,25,24.8,16,1,1,2020
2020-01-17,1,38,17,25.1,17,1,1,2020
2020-01-18,1,17,15,22.5,18,1,1,2020
2020-01-19,1,48,18,25.0,19,1,1,2020
2020-01-20,1,14,26,27.7,20,1,1,2020
2020-01-21,1,45,27,15.9,21,1,1,2020
2020-01-22,1,6,23,16.9,22,1,1,2020
2020-01-23,1,35,17,4.8,23,1,1,2020
2020-01-24,1,46,26,13.1,24,1,1,2020
2020-01-25,1,14,23,21.4,25,1,1,2020
2020-01-26,1,47,21,25.8,26,1,2,2020
2020-01-27,1,8,26,7.8,27,1,1,2020
2020-01-28,1,15,28,5.2,28,1,1,2020
2020-01-29,1,27,29,22.0,29,1,1,2020
2020-01-30,1,13,18,0.9,30,1,3,2020
2020-01-31,1,49,17,6.5,31,1,1,2020
2020-02-01,1,31,24,1.7,1,2,1,2020
2020-02-02,1,35,29,6.1,2,2,1,2020
2020-02-03,1,6,19,6.6,3,2,1,2020
2020-02-04,1,5,19,13.2,4,2,1,2020
2020-02-05,1,22,17,13.7,5,2,1,2020
2020-02-06,1,49,26,28.8,6,2,1,2020
2020-02-07,1,23,23,17.1,7,2,1,2020
2020-02-08,1,25,18,23.9,8,2,1,2020
2020-02-09,1,34,25,4.1,9,2,3,2020
2020-02-10,1,26,19,8.0,10,2,1,2020
2020-02-11,1,47,18,23.3,11,2,1,2020
2020-02-12,1,5,19,2.5,12,2,1,2020
2020-02-13,1,26,21,16.4,13,2,1,2020
2020-02-14,1,20,23,20.0,14,2,1,2020
2020-02-15,1,6,21,20.1,15,2,1,2020
2020-02-16,1,6,27,1.5,16,2,1,2020
2020-02-17,1,50,19,11.1,17,2,1,2020
2020-02-18,1,18,24,21.2,18,2,3,2020
2020-02-19,1,4,24,5.6,19,2,3,2020
2020-02-20,1,17,21,23.1,20,2,1,2020
2020-02-21,1,14,28,24.7,21,2,1,2020
2020-02-22,1,14,29,32.2,22,2,1,2020
2020-02-23,1,13,24,7.5,23,2,1,2020
2020-02-24,1,7,19,27.2,24,2,1,2020
2020-02-25,1,44,17,17.4,25,2,1,2020
2020-02-26,1,15,21,12.8,26,2,1,2020
2020-02-27,1,19,27,4.7,27,2,1,2020
2020-02-28,1,43,25,24.3,28,2,1,2020
2020-02-29,1,47,25,8.3,29,2,1,2020
2020-03-01,1,44,16,12.7,1,3,1,2020
2020-03-02,1,35,29,2.8,2,3,1,2020
2020-03-03,1,17,26,26.4,3,3,1,2020
2020-03-04,1,35,23,25.3,4,3,1,2020
2020-03-05,1,19,24,24.3,5,3,1,2020
2020-03-06,1,20,24,10.4,6,3,1,2020
2020-03-07,1,36,26,6.4,7,3,1,2020
2020-03-08,1,35,15,21.2,8,3,1,2020
2020-03-09,1,32,27,16.7,9,3,1,2020
2020-03-10,1,48,20,6.5,10,3,3,2020
2020-03-11,1,44,21,22.7,11,3,1,2020
2020-03-12,1,40,28,32.5,12,3,1,2020
2020-03-13,1,24,27,24.7,13,3,1,2020
2020-03-14,1,17,22,24.5,14,3,1,2020
2020-03-15,1,7,24,31.2,15,3,1,2020
2020-03-16,1,43,23,7.3,16,3,1,2020
2020-03-17,1,50,16,18.9,17,3,1,2020
2020-03-18,1,1,25,32.1,18,3,1,2020
2020-03-19,1,35,24,6.1,19,3,1,2020
2020-03-20,1,32,16,23.2,20,3,1,2020
2020-03-21,1,36,19,19.5,21,3,1,2020
2020-03-22,1,13,27,19.6,22,3,1,2020
2020-03-23,1,6,19,23.1,23,3,1,2020
2020-03-24,1,14,20,30.5,24,3,1,2020
2020-03-25,1,37,17,25.8,25,3,3,2020
2020-03-26,1,48,22,2.6,26,3,1,2020
2020-03-27,1,15,27,28.1,27,3,1,2020
2020-03-28,1,47,15,8.0,28,3,1,2020
2020-03-29,1,4,20,12.9,29,3,1,2020
2020-03-30,1,40,18,15.6,30,3,1,2020
2020-03-31,1,16,15,16.2,31,3,1,2020
2020-04-01,1,28,29,14.7,1,4,1,2020
2020-04-02,1,16,21,30.8,2,4,1,2020
2020-04-03,1,4,23,23.4,3,4,1,2020
2020-04-04,1,45,27,21.0,4,4,1,2020
2020-04-05,1,26,18,2.4,5,4,1,2020
2020-04-06,1,28,18,29.7,6,4,2,2020
2020-04-07,1,32,20,29.9,7,4,1,2020
2020-04-08,1,45,26,25.8,8,4,1,2020
2020-04-09,1,2,29,1.0,9,4,1,2020
2020-04-10,1,31,17,2.6,10,4,5,2020
2020-04-11,1,3,27,8.0,11,4,1,2020
2020-04-12,1,8,26,5.0,12,4,5,2020
2020-04-13,1,24,20,13.6,13,4,1,2020
2020-04-14,1,15,21,30.3,14,4,1,2020
2020-04-15,1,43,25,15.9,15,4,1,2020
2020-04-16,1,31,24,1.2,16,4,1,2020
2020-04-17,1,9,24,9.8,17,4,1,2020
2020-04-18,1,39,17,2.2,18,4,1,2020
2020-04-19,1,45,21,2.0,19,4,1,2020
2020-04-20,1,2,28,9.6,20,4,1,2020
2020-04-21,1,8,17,9.6,21,4,1,2020
2020-04-22,1,7,27,26.0,22,4,1,2020
2020-04-23,1,44,27,32.0,23,4,1,2020
2020-04-24,1,51,16,12.7,24,4,1,2020
2020-04-25,1,39,26,14.5,25,4,1,2020
2020-04-26,1,42,28,27.8,26,4,1,2020
2020-04-27,1,16,24,9.4,27,4,1,2020
2020-04-28,1,35,18,5.8,28,4,1,2020
2020-04-29,1,30,26,28.1,29,4,1,2020
2020-04-30,1,10,22,2.3,30,4,1,2020
2020-05-01,1,38,27,20.6,1,5,1,2020
2020-05-02,1,18,29,18.8,2,5,1,2020
2020-05-03,1,50,23,11.9,3,5,1,2020
2020-05-04,1,5,21,10.9,4,5,1,2020
2020-05-05,1,29,15,25.5,5,5,1,2020
2020-05-06,1,39,17,3.6,6,5,1,2020
2020-05-07,1,34,27,8.4,7,5,3,2020
2020-05-08,1,43,26,24.2,8,5,3,2020
2020-05-09,1,45,28,18.3,9,5,1,2020
2020-05-10,1,23,23,4.9,10,5,1,2020
2020-05-11,1,5,29,29.0,11,5,1,2020
2020-05-12,1,30,26,13.4,12,5,1,2020
2020-05-13,1,6,15,27.3,13,5,1,2020
2020-05-14,1,46,23,26.0,14,5,1,2020
2020-05-15,1,44,22,20.8,15,5,1,2020
2020-05-16,1,4,15,16.6,16,5,1,2020
2020-05-17,1,29,20,32.1,17,5,1,2020
2020-05-18,1,23,19,5.4,18,5,1,2020
2020-05-19,1,6,20,24.0,19,5,1,2020
2020-05-20,1,32,24,6.9,20,5,1,2020
2020-05-21,1,42,26,11.6,21,5,1,2020
2020-05-22,1,18,27,10.7,22,5,4,2020
2020-05-23,1,15,27,31.1,23,5,1,2020
2020-05-24,1,40,27,31.8,24,5,1,2020
2020-05-25,1,32,29,6.7,25,5,1,2020
2020-05-26,1,9,19,1.5,26,5,1,2020
2020-05-27,1,37,20,23.8,27,5,1,2020
2020-05-28,1,10,19,14.2,28,5,1,2020
2020-05-29,1,20,25,3.6,29,5,1,2020
2020-05-30,1,6,26,22.7,30,5,1,2020
2020-05-31,1,48,19,18.2,31,5,1,2020
2020-06-01,1,3,18,32.2,1,6,1,2020
2020-06-02,1,42,17,8.1,2,6,1,2020
2020-06-03,1,11,17,13.7,3,6,1,2020
2020-06-04,1,43,18,18.2,4,6,1,2020
2020-06-05,1,17,23,26.1,5,6,1,2020
2020-06-06,1,32,16,18.4,6,6,1,2020
2020-06-07,1,4,29,20.4,7,6,1,2020
2020-06-08,1,4,23,8.0,8,6,1,2020
2020-06-09,1,17,15,27.9,9,6,1,2020
2020-06-10,1,41,28,14.5,10,6,1,2020
2020-06-11,1,19,29,5.3,11,6,1,2020
2020-06-12,1,5,29,22.1,12,6,1,2020
2020-06-13,1,32,15,7.7,13,6,1,2020
2020-06-14,1,22,19,3.9,14,6,1,2020
2020-06-15,1,6,20,28.4,15,6,1,2020
2020-06-16,1,35,20,15.5,16,6,1,2020
2020-06-17,1,22,17,24.8,17,6,1,2020
2020-06-18,1,1,21,10.1,18,6,1,2020
2020-06-19,1,20,23,26.0,19,6,1,2020
2020-06-20,1,22,25,4.4,20,6,1,2020
2020-06-21,1,48,26,12.2,21,6,1,2020
2020-06-22,1,11,24,32.1,22,6,1,2020
2020-06-23,1,13,22,26.2,23,6,2,2020
2020-06-24,1,42,20,16.7,24,6,1,2020
2020-06-25,1,3,26,11.7,25,6,1,2020
2020-06-26,1,9,22,28.7,26,6,1,2020
2020-06-27,1,12,26,18.2,27,6,1,2020
2020-06-28,1,23,19,25.1,28,6,1,2020
2020-06-29,1,14,22,24.9,29,6,1,2020
2020-06-30,1,33,24,1.4,30,6,1,2020
2020-07-01,1,18,26,4.8,1,7,1,2020
2020-07-02,1,49,18,21.9,2,7,1,2020
2020-07-03,1,41,24,6.0,3,7,1,2020
2020-07-04,1,9,22,9.0,4,7,1,2020
2020-07-05,1,23,24,31.1,5,7,1,2020
2020-07-06,1,10,26,18.7,6,7,1,2020
2020-07-07,1,19,16,24.8,7,7,1,2020
2020-07-08,1,47,26,18.7,8,7,1,2020
2020-07-09,1,5,26,18.5,9,7,1,2020
2020-07-10,1,47,19,3.8,10,7,1,2020
2020-07-11,1,52,23,11.8,11,7,1,2020
2020-07-12,1,23,18,9.8,12,7,1,2020
2020-07-13,1,30,25,13.3,13,7,1,2020
2020-07-14,1,25,20,26.3,14,7,1,2020
2020-07-15,1,28,29,12.7,15,7,1,2020
2020-07-16,1,34,15,15.3,16,7,1,2020
2020-07-17,1,45,23,13.5,17,7,1,2020
2020-07-18,1,48,15,3.8,18,7,1,2020
2020-07-19,1,47,19,14.9,19,7,1,2020
2020-07-20,1,25,18,7.1,20,7,1,2020
2020-07-21,1,10,27,6.8,21,7,1,2020
2020-07-22,1,14,26,3.8,22,7,1,2020
2020-07-23,1,42,27,12.2,23,7,1,2020
2020-07-24,1,46,27,25.0,24,7,1,2020
2020-07-25,1,30,28,9.6,25,7,1,2020
2020-07-26,1,41,17,10.8,26,7,1,2020
2020-07-27,1,25,27,21.4,27,7,1,2020
2020-07-28,1,14,20,7.1,28,7,1,2020
2020-07-29,1,35,16,29.5,29,7,1,2020
2020-07-30,1,52,17,17.4,30,7,1,2020
2020-07-31,1,48,19,15.1,31,7,1,2020
2020-08-01,1,34,29,18.7,1,8,4,2020
2020-08-02,1,10,23,6.1,2,8,1,2020
2020-08-03,1,35,16,20.4,3,8,2,2020
2020-08-04,1,11,24,12.4,4,8,1,2020
2020-08-05,1,11,22,29.5,5,8,1,2020
2020-08-06,1,21,28,6.2,6,8,1,2020
2020-08-07,1,21,16,17.0,7,8,1,2020
2020-08-08,1,22,25,19.9,8,8,1,2020
2020-08-09,1,45,27,1.9,9,8,1,2020
2020-08-10,1,7,19,12.4,10,8,1,2020
2020-08-11,1,17,21,24.2,11,8,1,2020
2020-08-12,1,2,22,27.1,12,8,3,2020
2020-08-13,1,12,15,10.8,13,8,1,2020
2020-08-14,1,42,20,26.4,14,8,1,2020
2020-08-15,1,18,15,31.8,15,8,2,2020
2020-08-16,1,11,16,28.2,16,8,1,2020
2020-08-17,1,16,29,4.6,17,8,1,2020
2020-08-18,1,49,15,24.5,18,8,1,2020
2020-08-19,1,51,25,11.0,19,8,1,2020
2020-08-20,1,18,19,32.4,20,8,1,2020
2020-08-21,1,35,24,16.3,21,8,1,2020
2020-08-22,1,26,29,4.7,22,8,3,2020
2020-08-23,1,16,23,24.0,23,8,1,2020
2020-08-24,1,6,20,11.1,24,8,1,2020
2020-08-25,1,44,25,32.7,25,8,1,2020
2020-08-26,1,43,25,32.2,26,8,1,2020
2020-08-27,1,47,15,21.8,27,8,1,2020
2020-08-28,1,47,27,5.0,28,8,1,2020
2020-08-29,1,48,15,22.8,29,8,1,2020
2020-08-30,1,42,16,3.8,30,8,4,2020
2020-08-31,1,12,23,1.7,31,8,2,2020
2020-09-01,1,13,17,27.1,1,9,1,2020
2020-09-02,1,4,29,7.5,2,9,1,2020
2020-09-03,1,39,15,12.9,3,9,1,2020
2020-09-04,1,2,19,32.0,4,9,1,2020
2020-09-05,1,26,21,11.6,5,9,1,2020
2020-09-06,1,27,20,10.3,6,9,1,2020
2020-09-07,1,27,26,30.2,7,9,1,2020
2020-09-08,1,15,15,4.3,8,9,1,2020
2020-09-09,1,8,19,25.1,9,9,1,2020
2020-09-10,1,7,29,32.4,10,9,1,2020
2020-09-11,1,47,19,29.6,11,9,1,2020
2020-09-12,1,46,20,21.7,12,9,1,2020
2020-09-13,1,40,17,10.8,13,9,1,2020
2020-09-14,1,12,19,8.9,14,9,1,2020
2020-09-15,1,13,21,27.0,15,9,1,2020
2020-09-16,1,43,19,29.0,16,9,1,2020
2020-09-17,1,17,19,17.6,17,9,1,2020
2020-09-18,1,17,19,8.6,18,9,1,2020
2020-09-19,1,36,24,4.4,19,9,1,2020
2020-09-20,1,21,24,3.6,20,9,1,2020
2020-09-21,1,8,17,23.8,21,9,1,2020
2020-09-22,1,5,15,14.2,22,9,1,2020
2020-09-23,1,26,19,29.8,23,9,1,2020
2020-09-24,1,16,28,24.5,24,9,1,2020
2020-09-25,1,36,23,6.9,25,9,1,2020
2020-09-26,1,28,28,20.4,26,9,1,2020
2020-09-27,1,29,15,14.7,27,9,1,2020
2020-09-28,1,47,17,19.3,28,9,1,2020
2020-09-29,1,12,27,24.4,29,9,1,2020
2020-09-30,1,37,27,26.6,30,9,1,2020
2020-10-01,1,30,18,27.8,1,10,1,2020
2020-10-02,1,23,28,8.9,2,10,2,2020
2020-10-03,1,16,15,1.8,3,10,1,2020
2020-10-04,1,14,15,24.5,4,10,1,2020
2020-10-05,1,10,22,4.2,5,10,1,2020
2020-10-06,1,7,16,10.9,6,10,1,2020
2020-10-07,1,45,26,0.9,7,10,1,2020
2020-10-08,1,52,29,22.6,8,10,1,2020
2020-10-09,1,37,22,6.1,9,10,1,2020
2020-10-10,1,29,21,21.8,10,10,1,2020
2020-10-11,1,3,24,32.5,11,10,1,2020
2020-10-12,1,15,24,3.1,12,10,1,2020
2020-10-13,1,36,16,3.3,13,10,1,2020
2020-10-14,1,47,20,11.7,14,10,1,2020
2020-10-15,1,46,20,28.5,15,10,1,2020
2020-10-16,1,52,17,7.7,16,10,1,2020
2020-10-17,1,19,25,12.3,17,10,1,2020
2020-10-18,1,13,16,3.0,18,10,1,2020
2020-10-19,1,42,26,25.2,19,10,1,2020
2020-10-20,1,21,15,13.9,20,10,1,2020
2020-10-21,1,37,20,25.1,21,10,1,2020
2020-10-22,1,27,26,29.7,22,10,1,2020
2020-10-23,1,52,19,8.2,23,10,3,2020
2020-10-24,1,29,28,26.6,24,10,1,2020
2020-10-25,1,20,28,2.7,25,10,3,2020
2020-10-26,1,25,25,29.6,26,10,1,2020
2020-10-27,1,6,23,21.6,27,10,1,2020
2020-10-28,1,36,15,28.8,28,10,1,2020
2020-10-29,1,2,29,0.8,29,10,1,2020
2020-10-30,1,22,29,6.2,30,10,4,2020
2020-10-31,1,32,21,13.3,31,10,3,2020
2020-11-01,1,16,29,12.9,1,11,1,2020
2020-11-02,1,18,19,8.1,2,11,1,2020
2020-11-03,1,5,19,13.0,3,11,1,2020
2020-11-04,1,36,28,4.9,4,11,3,2020
2020-11-05,1,30,16,14.0,5,11,1,2020
2020-11-06,1,45,25,26.5,6,11,1,2020
2020-11-07,1,19,17,16.1,7,11,1,2020
2020-11-08,1,23,21,1.4,8,11,1,2020
2020-11-09,1,34,20,14.3,9,11,1,2020
2020-11-10,1,13,26,1.7,10,11,1,2020
2020-11-11,1,43,16,31.7,11,11,1,2020
2020-11-12,1,29,20,4.9,12,11,1,2020
2020-11-13,1,36,16,23.4,13,11,1,2020
2020-11-14,1,22,16,31.9,14,11,1,2020
2020-11-15,1,52,16,27.2,15,11,3,2020
2020-11-16,1,52,28,23.2,16,11,3,2020
2020-11-17,1,47,29,27.7,17,11,1,2020
2020-11-18,1,36,25,32.2,18,11,1,2020
2020-11-19,1,9,17,20.7,19,11,1,2020
2020-11-20,1,39,29,18.7,20,11,3,2020
2020-11-21,1,51,16,20.9,21,11,1,2020
2020-11-22,1,19,18,17.8,22,11,1,2020
2020-11-23,1,38,23,21.1,23,11,1,2020
2020-11-24,1,6,20,15.2,24,11,3,2020
2020-11-25,1,52,15,7.8,25,11,1,2020
2020-11-26,1,47,22,4.6,26,11,1,2020
2020-11-27,1,15,29,3.0,27,11,1,2020
2020-11-28,1,20,26,9.2,28,11,1,2020
2020-11-29,1,9,28,2.3,29,11,1,2020
2020-11-30,1,32,21,18.9,30,11,1,2020
2020-12-01,1,4,24,9.9,1,12,1,2020
2020-12-02,1,50,17,27.2,2,12,1,2020
2020-12-03,1,18,15,3.2,3,12,1,2020
2020-12-04,1,5,19,8.0,4,12,1,2020
2020-12-05,1,20,27,24.2,5,12,1,2020
2020-12-06,1,23,18,20.0,6,12,1,2020
2020-12-07,1,11,24,2.9,7,12,1,2020
2020-12-08,1,37,22,28.9,8,12,1,2020
2020-12-09,1,22,15,28.9,9,12,1,2020
2020-12-10,1,4,24,11.4,10,12,1,2020
2020-12-11,1,29,15,11.7,11,12,1,2020
2020-12-12,1,44,26,32.4,12,12,1,2020
2020-12-13,1,34,18,20.8,13,12,1,2020
2020-12-14,1,13,22,17.8,14,12,1,2020
2020-12-15,1,42,19,27.6,15,12,1,2020
2020-12-16,1,9,16,9.9,16,12,1,2020
2020-12-17,1,42,20,14.5,17,12,1,2020
2020-12-18,1,31,19,9.4,18,12,1,2020
2020-12-19,1,7,16,26.1,19,12,1,2020
2020-12-20,1,4,27,19.1,20,12,1,2020
2020-12-21,1,19,28,21.9,21,12,1,2020
2020-12-22,1,42,25,8.9,22,12,1,2020
2020-12-23,1,30,25,7.8,23,12,1,2020
2020-12-24,1,31,25,16.4,24,12,2,2020
2020-12-25,1,35,17,24.4,25,12,2,2020
2020-12-26,1,21,29,17.6,26,12,1,2020
2020-12-27,1,31,23,1.8,27,12,1,2020
2020-12-28,1,19,21,28.6,28,12,1,2020
2020-12-29,1,31,21,2.9,29,12,1,2020
2020-12-30,1,32,29,31.4,30,12,1,2020
2020-12-31,1,2,25,1.6,31,12,1,2020
2021-01-01,1,52,20,23.0,1,1,2,2021
2021-01-02,1,10,22,3.4,2,1,1,2021
2021-01-03,1,2,18,29.9,3,1,1,2021
2021-01-04,1,2,22,15.7,4,1,1,2021
2021-01-05,1,24,18,5.2,5,1,1,2021
2021-01-06,1,17,22,11.7,6,1,1,2021
2021-01-07,1,32,23,6.1,7,1,1,2021
2021-01-08,1,16,17,6.3,8,1,1,2021
2021-01-09,1,16,17,31.1,9,1,1,2021
2021-01-10,1,46,25,15.0,10,1,1,2021
2021-01-11,1,39,27,26.0,11,1,1,2021
2021-01-12,1,31,16,21.3,12,1,1,2021
2021-01-13,1,43,27,22.4,13,1,1,2021
2021-01-14,1,24,24,5.0,14,1,1,2021
2021-01-15,1,1,17,8.3,15,1,1,2021
2021-01-16,1,11,17,26.0,16,1,1,2021
2021-01-17,1,21,19,31.9,17,1,1,2021
2021-01-18,1,4,19,9.2,18,1,1,2021
2021-01-19,1,7,16,9.5,19,1,1,2021
2021-01-20,1,26,26,15.9,20,1,1,2021
2021-01-21,1,47,24,32.3,21,1,1,2021
2021-01-22,1,50,27,9.4,22,1,1,2021
2021-01-23,1,12,20,13.8,23,1,1,2021
2021-01-24,1,31,19,29.3,24,1,1,2021
2021-01-25,1,17,20,0.9,25,1,1,2021
2021-01-26,1,33,15,2.1,26,1,2,2021
2021-01-27,1,11,19,20.1,27,1,1,2021
2021-01-28,1,28,23,29.8,28,1,1,2021
2021-01-29,1,32,26,8.4,29,1,1,2021
2021-01-30,1,1,24,15.8,30,1,1,2021
2021-01-31,1,47,28,15.2,31,1,1,2021
2021-02-01,1,28,16,15.9,1,2,1,2021
2021-02-02,1,42,15,20.7,2,2,1,2021
2021-02-03,1,7,28,15.8,3,2,1,2021
2021-02-04,1,2,24,15.1,4,2,1,2021
2021-02-05,1,42,27,16.0,5,2,1,2021
2021-02-06,1,24,25,19.7,6,2,1,2021
2021-02-07,1,4,23,18.0,7,2,1,2021
2021-02-08,1,44,24,28.1,8,2,1,2021
2021-02-09,1,19,23,2.4,9,2,1,2021
2021-02-10,1,26,29,27.5,10,2,1,2021
2021-02-11,1,11,23,27.8,11,2,1,2021
2021-02-12,1,40,20,9.9,12,2,1,2021
2021-02-13,1,50,29,15.6,13,2,1,2021
2021-02-14,1,43,22,14.8,14,2,1,2021
2021-02-15,1,11,28,7.8,15,2,1,2021
2021-02-16,1,45,25,13.5,16,2,3,2021
2021-02-17,1,3,29,2.2,17,2,1,2021
2021-02-18,1,12,27,9.7,18,2,1,2021
2021-02-19,1,3,15,26.9,19,2,3,2021
2021-02-20,1,42,24,9.9,20,2,1,2021
2021-02-21,1,27,18,27.0,21,2,1,2021
2021-02-22,1,49,15,17.8,22,2,1,2021
2021-02-23,1,2,22,29.0,23,2,1,2021
2021-02-24,1,49,15,19.2,24,2,1,2021
2021-02-25,1,16,17,1.7,25,2,1,2021
2021-02-26,1,2,27,22.4,26,2,1,2021
2021-02-27,1,30,18,2.2,27,2,3,2021
2021-02-28,1,20,29,15.2,28,2,1,2021
2021-03-01,1,38,29,30.5,1,3,1,2021
2021-03-02,1,28,29,6.1,2,3,1,2021
2021-03-03,1,25,22,13.3,3,3,1,2021
2021-03-04,1,32,20,24.2,4,3,1,2021
2021-03-05,1,10,28,29.0,5,3,1,2021
2021-03-06,1,42,24,22.3,6,3,1,2021
2021-03-07,1,40,26,9.1,7,3,1,2021
2021-03-08,1,33,21,22.4,8,3,3,2021
2021-03-09,1,13,28,10.3,9,3,1,2021
2021-03-10,1,41,22,23.8,10,3,1,2021
2021-03-11,1,42,16,31.3,11,3,1,2021
2021-03-12,1,47,27,23.9,12,3,1,2021
2021-03-13,1,37,24,28.4,13,3,1,2021
2021-03-14,1,16,28,0.9,14,3,1,2021
2021-03-15,1,45,25,23.8,15,3,1,2021
2021-03-16,1,22,22,27.3,16,3,1,2021
2021-03-17,1,20,17,2.1,17,3,1,2021
2021-03-18,1,50,21,28.7,18,3,1,2021
2021-03-19,1,43,17,9.0,19,3,1,2021
2021-03-20,1,27,29,22.1,20,3,1,2021
2021-03-21,1,41,21,26.4,21,3,1,2021
2021-03-22,1,16,28,22.0,22,3,1,2021
2021-03-23,1,34,25,3.8,23,3,1,2021
2021-03-24,1,32,29,19.9,24,3,1,2021
2021-03-25,1,26,26,18.4,25,3,1,2021
2021-03-26,1,25,27,29.6,26,3,1,2021
2021-03-27,1,2,16,13.7,27,3,1,2021
2021-03-28,1,12,24,11.1,28,3,3,2021
2021-03-29,1,40,20,24.8,29,3,3,2021
2021-03-30,1,9,17,14.0,30,3,1,2021
2021-03-31,1,12,17,21.5,31,3,1,2021
2021-04-01,1,26,29,21.5,1,4,1,2021
2021-04-02,1,9,23,29.2,2,4,5,2021
2021-04-03,1,10,21,20.0,3,4,1,2021
2021-04-04,1,32,19,16.9,4,4,5,2021
2021-04-05,1,34,26,5.2,5,4,1,2021
2021-04-06,1,48,24,4.5,6,4,1,2021
2021-04-07,1,20,21,5.7,7,4,1,2021
2021-04-08,1,39,23,6.3,8,4,1,2021
2021-04-09,1,2,15,21.2,9,4,1,2021
2021-04-10,1,1,21,24.5,10,4,1,2021
2021-04-11,1,51,20,17.8,11,4,1,2021
2021-04-12,1,36,24,27.3,12,4,1,2021
2021-04-13,1,24,28,32.5,13,4,1,2021
2021-04-14,1,27,26,27.0,14,4,1,2021
2021-04-15,1,2,23,23.0,15,4,1,2021
2021-04-16,1,31,15,17.8,16,4,1,2021
2021-04-17,1,14,27,15.2,17,4,1,2021
2021-04-18,1,2,18,3.5,18,4,1,2021
2021-04-19,1,29,23,13.6,19,4,1,2021
2021-04-20,1,15,18,29.9,20,4,1,2021
2021-04-21,1,12,24,26.7,21,4,1,2021
2021-04-22,1,37,17,7.7,22,4,1,2021
2021-04-23,1,28,23,15.7,23,4,1,2021
2021-04-24,1,20,27,26.9,24,4,1,2021
2021-04-25,1,39,16,3.0,25,4,2,2021
2021-04-26,1,24,29,13.2,26,4,1,2021
2021-04-27,1,21,18,28.1,27,4,1,2021
2021-04-28,1,10,29,13.7,28,4,1,2021
2021-04-29,1,46,20,3.3,29,4,1,2021
2021-04-30,1,14,16,18.2,30,4,1,2021
2021-05-01,1,37,29,28.4,1,5,1,2021
2021-05-02,1,18,22,19.7,2,5,1,2021
2021-05-03,1,24,22,8.0,3,5,1,2021
2021-05-04,1,14,15,13.1,4,5,1,2021
2021-05-05,1,34,26,15.2,5,5,1,2021
2021-05-06,1,12,17,19.3,6,5,1,2021
2021-05-07,1,22,24,25.1,7,5,4,2021
2021-05-08,1,6,23,4.0,8,5,1,2021
2021-05-09,1,36,19,29.3,9,5,3,2021
2021-05-10,1,45,20,1.2,10,5,1,2021
2021-05-11,1,36,18,12.6,11,5,1,2021
2021-05-12,1,22,24,1.7,12,5,1,2021
2021-05-13,1,14,16,13.4,13,5,1,2021
2021-05-14,1,16,25,17.6,14,5,1,2021
2021-05-15,1,36,22,17.2,15,5,1,2021
2021-05-16,1,25,25,6.1,16,5,1,2021
2021-05-17,1,32,27,21.5,17,5,1,2021
2021-05-18,1,33,20,2.2,18,5,1,2021
2021-05-19,1,45,19,25.2,19,5,1,2021
2021-05-20,1,36,23,31.1,20,5,1,2021
2021-05-21,1,20,15,11.7,21,5,1,2021
2021-05-22,1,18,19,17.4,22,5,1,2021
2021-05-23,1,38,20,12.9,23,5,1,2021
2021-05-24,1,3,19,1.0,24,5,1,2021
2021-05-25,1,23,20,13.1,25,5,1,2021
2021-05-26,1,32,20,26.1,26,5,3,2021
2021-05-27,1,45,21,19.9,27,5,1,2021
2021-05-28,1,16,18,4.0,28,5,1,2021
2021-05-29,1,5,28,27.9,29,5,1,2021
2021-05-30,1,4,25,17.8,30,5,1,2021
2021-05-31,1,21,28,27.7,31,5,1,2021
2021-06-01,1,40,28,19.4,1,6,1,2021
2021-06-02,1,51,28,18.7,2,6,1,2021
2021-06-03,1,14,29,4.2,3,6,1,2021
2021-06-04,1,39,22,6.2,4,6,1,2021
2021-06-05,1,31,21,31.9,5,6,1,2021
2021-06-06,1,14,23,8.1,6,6,1,2021
2021-06-07,1,6,21,32.1,7,6,1,2021
2021-06-08,1,12,17,17.8,8,6,1,2021
2021-06-09,1,16,17,5.1,9,6,1,2021
2021-06-10,1,17,29,4.0,10,6,1,2021
2021-06-11,1,45,22,7.5,11,6,1,2021
2021-06-12,1,23,19,30.4,12,6,1,2021
2021-06-13,1,14,18,14.1,13,6,1,2021
2021-06-14,1,7,22,13.5,14,6,1,2021
2021-06-15,1,46,29,10.8,15,6,1,2021
2021-06-16,1,32,20,5.5,16,6,1,2021
2021-06-17,1,15,16,16.4,17,6,1,2021
2021-06-18,1,44,18,5.0,18,6,1,2021
2021-06-19,1,17,26,27.5,19,6,1,2021
2021-06-20,1,41,25,12.7,20,6,1,2021
2021-06-21,1,47,18,12.8,21,6,1,2021
2021-06-22,1,44,29,16.0,22,6,1,2021
2021-06-23,1,34,20,15.0,23,6,1,2021
2021-06-24,1,5,20,32.6,24,6,1,2021
2021-06-25,1,45,15,18.3,25,6,1,2021
2021-06-26,1,27,28,3.6,26,6,1,2021
2021-06-27,1,52,22,20.2,27,6,1,2021
2021-06-28,1,23,20,5.7,28,6,1,2021
2021-06-29,1,40,17,1.8,29,6,1,2021
2021-06-30,1,14,28,31.9,30,6,1,2021
2021-07-01,1,15,23,25.6,1,7,1,2021
2021-07-02,1,43,16,32.2,2,7,1,2021
2021-07-03,1,33,29,16.1,3,7,1,2021
2021-07-04,1,31,25,17.8,4,7,1,2021
2021-07-05,1,35,22,6.2,5,7,1,2021
2021-07-06,1,17,24,8.7,6,7,1,2021
2021-07-07,1,28,17,27.6,7,7,1,2021
2021-07-08,1,19,27,12.2,8,7,1,2021
2021-07-09,1,46,26,27.3,9,7,1,2021
2021-07-10,1,23,19,23.5,10,7,1,2021
2021-07-11,1,32,20,6.5,11,7,1,2021
2021-07-12,1,40,24,17.0,12,7,2,2021
2021-07-13,1,13,20,22.5,13,7,1,2021
2021-07-14,1,20,18,8.3,14,7,1,2021
2021-07-15,1,35,17,27.4,15,7,1,2021
2021-07-16,1,5,18,18.2,16,7,1,2021
2021-07-17,1,9,15,6.1,17,7,1,2021
2021-07-18,1,29,18,19.5,18,7,1,2021
2021-07-19,1,6,15,32.8,19,7,1,2021
2021-07-20,1,25,26,5.6,20,7,1,2021
2021-07-21,1,31,29,26.9,21,7,4,2021
2021-07-22,1,22,15,7.4,22,7,1,2021
2021-07-23,1,2,24,25.8,23,7,1,2021
2021-07-24,1,45,28,24.3,24,7,1,2021
2021-07-25,1,5,20,10.4,25,7,1,2021
2021-07-26,1,27,19,11.2,26,7,1,2021
2021-07-27,1,25,28,26.2,27,7,1,2021
2021-07-28,1,8,25,15.6,28,7,1,2021
2021-07-29,1,1,29,24.2,29,7,1,2021
2021-07-30,1,20,18,5.5,30,7,1,2021
2021-07-31,1,44,27,28.1,31,7,1,2021
2021-08-01,1,23,25,23.5,1,8,1,2021
2021-08-02,1,32,17,29.8,2,8,1,2021
2021-08-03,1,11,15,5.0,3,8,1,2021
2021-08-04,1,39,20,19.8,4,8,1,2021
2021-08-05,1,47,16,20.0,5,8,1,2021
2021-08-06,1,24,22,12.1,6,8,1,2021
2021-08-07,1,11,24,15.5,7,8,1,2021
2021-08-08,1,29,19,2.0,8,8,1,2021
2021-08-09,1,26,21,24.7,9,8,1,2021
2021-08-10,1,16,24,18.4,10,8,1,2021
2021-08-11,1,35,26,2.6,11,8,1,2021
2021-08-12,1,20,16,22.6,12,8,1,2021
2021-08-13,1,46,27,15.7,13,8,1,2021
2021-08-14,1,3,22,1.9,14,8,1,2021
2021-08-15,1,1,16,31.8,15,8,2,2021
2021-08-16,1,47,18,31.2,16,8,1,2021
2021-08-17,1,1,15,17.2,17,8,1,2021
2021-08-18,1,17,29,3.8,18,8,1,2021
2021-08-19,1,2,19,24.9,19,8,4,2021
2021-08-20,1,29,23,16.5,20,8,1,2021
2021-08-21,1,20,15,10.5,21,8,2,2021
2021-08-22,1,6,23,16.5,22,8,2,2021
2021-08-23,1,8,25,17.5,23,8,1,2021
2021-08-24,1,29,29,18.8,24,8,1,2021
2021-08-25,1,48,22,14.9,25,8,1,2021
2021-08-26,1,51,20,20.2,26,8,1,2021
2021-08-27,1,33,21,30.2,27,8,1,2021
2021-08-28,1,3,17,12.4,28,8,1,2021
2021-08-29,1,35,28,24.0,29,8,1,2021
2021-08-30,1,5,29,29.4,30,8,1,2021
2021-08-31,1,27,15,15.4,31,8,1,2021
2021-09-01,1,44,19,15.0,1,9,1,2021
2021-09-02,1,12,28,20.1,2,9,1,2021
2021-09-03,1,20,26,19.7,3,9,1,2021
2021-09-04,1,45,26,26.6,4,9,1,2021
2021-09-05,1,20,16,16.0,5,9,1,2021
2021-09-06,1,9,28,32.7,6,9,1,2021
2021-09-07,1,39,19,2.7,7,9,1,2021
2021-09-08,1,4,22,0.9,8,9,1,2021
2021-09-09,1,51,25,21.3,9,9,1,2021
2021-09-10,1,19,23,10.3,10,9,1,2021
2021-09-11,1,38,16,8.5,11,9,1,2021
2021-09-12,1,27,26,10.8,12,9,1,2021
2021-09-13,1,45,17,9.0,13,9,1,2021
2021-09-14,1,43,17,1.8,14,9,1,2021
2021-09-15,1,13,15,31.9,15,9,1,2021
2021-09-16,1,13,22,7.9,16,9,1,2021
2021-09-17,1,22,20,24.3,17,9,1,2021
2021-09-18,1,28,26,25.2,18,9,1,2021
2021-09-19,1,52,27,30.5,19,9,1,2021
2021-09-20,1,47,22,1.8,20,9,1,2021
2021-09-21,1,45,25,28.7,21,9,1,2021
2021-09-22,1,22,23,17.7,22,9,1,2021
2021-09-23,1,43,19,21.0,23,9,1,2021
2021-09-24,1,19,28,21.4,24,9,1,2021
2021-09-25,1,8,26,27.0,25,9,1,2021
2021-09-26,1,52,28,11.5,26,9,1,2021
2021-09-27,1,8,17,24.3,27,9,1,2021
2021-09-28,1,42,19,17.7,28,9,1,2021
2021-09-29,1,26,19,26.2,29,9,1,2021
2021-09-30,1,48,19,32.5,30,9,1,2021
2021-10-01,1,51,17,7.2,1,10,1,2021
2021-10-02,1,26,25,32.6,2,10,2,2021
2021-10-03,1,23,28,3.7,3,10,1,2021
2021-10-04,1,43,24,0.9,4,10,1,2021
2021-10-05,1,13,28,2.2,5,10,1,2021
2021-10-06,1,28,18,11.7,6,10,1,2021
2021-10-07,1,9,23,21.1,7,10,1,2021
2021-10-08,1,20,27,3.0,8,10,1,2021
2021-10-09,1,19,24,1.0,9,10,1,2021
2021-10-10,1,48,23,30.8,10,10,1,2021
2021-10-11,1,39,16,27.1,11,10,1,2021
2021-10-12,1,51,22,26.7,12,10,1,2021
2021-10-13,1,12,22,29.1,13,10,1,2021
2021-10-14,1,15,21,23.2,14,10,3,2021
2021-10-15,1,31,22,4.1,15,10,3,2021
2021-10-16,1,14,28,13.6,16,10,1,2021
2021-10-17,1,11,17,23.9,17,10,1,2021
2021-10-18,1,26,27,9.8,18,10,1,2021
2021-10-19,1,42,20,22.8,19,10,4,2021
2021-10-20,1,27,15,1.6,20,10,3,2021
2021-10-21,1,11,21,10.6,21,10,1,2021
2021-10-22,1,38,29,18.4,22,10,1,2021
2021-10-23,1,34,29,21.0,23,10,1,2021
2021-10-24,1,43,15,19.3,24,10,3,2021
2021-10-25,1,19,23,23.1,25,10,1,2021
2021-10-26,1,6,15,1.0,26,10,1,2021
2021-10-27,1,46,15,4.0,27,10,1,2021
2021-10-28,1,52,29,28.6,28,10,1,2021
2021-10-29,1,38,21,22.6,29,10,1,2021
2021-10-30,1,49,16,4.4,30,10,1,2021
2021-10-31,1,42,28,27.7,31,10,1,2021
2021-11-01,1,28,19,8.6,1,11,1,2021
2021-11-02,1,1,22,16.1,2,11,1,2021
2021-11-03,1,35,22,5.4,3,11,1,2021
2021-11-04,1,40,17,23.5,4,11,1,2021
2021-11-05,1,8,21,22.1,5,11,3,2021
2021-11-06,1,52,17,7.6,6,11,3,2021
2021-11-07,1,47,20,28.4,7,11,1,2021
2021-11-08,1,7,20,13.6,8,11,1,2021
2021-11-09,1,11,17,10.2,9,11,1,2021
2021-11-10,1,39,21,5.7,10,11,3,2021
2021-11-11,1,4,17,9.3,11,11,1,2021
2021-11-12,1,25,22,1.5,12,11,1,2021
2021-11-13,1,12,24,19.5,13,11,1,2021
2021-11-14,1,26,18,27.8,14,11,1,2021
2021-11-15,1,38,29,18.4,15,11,1,2021
2021-11-16,1,46,29,7.8,16,11,1,2021
2021-11-17,1,12,27,1.9,17,11,1,2021
2021-11-18,1,43,15,7.7,18,11,1,2021
2021-11-19,1,51,18,14.1,19,11,1,2021
2021-11-20,1,37,28,25.1,20,11,1,2021
2021-11-21,1,46,21,6.8,21,11,1,2021
2021-11-22,1,24,25,23.8,22,11,1,2021
2021-11-23,1,16,18,28.5,23,11,1,2021
2021-11-24,1,13,27,15.3,24,11,3,2021
2021-11-25,1,25,20,27.1,25,11,1,2021
2021-11-26,1,52,23,18.5,26,11,1,2021
2021-11-27,1,4,15,21.2,27,11,1,2021
2021-11-28,1,11,27,17.6,28,11,1,2021
2021-11-29,1,32,19,15.6,29,11,1,2021
2021-11-30,1,49,25,8.3,30,11,1,2021
2021-12-01,1,7,21,10.5,1,12,1,2021
2021-12-02,1,46,15,10.1,2,12,1,2021
2021-12-03,1,11,28,18.8,3,12,1,2021
2021-12-04,1,28,18,4.6,4,12,1,2021
2021-12-05,1,41,20,30.1,5,12,1,2021
2021-12-06,1,23,16,23.9,6,12,1,2021
2021-12-07,1,45,24,13.6,7,12,1,2021
2021-12-08,1,23,19,5.9,8,12,1,2021
2021-12-09,1,50,25,29.0,9,12,1,2021
2021-12-10,1,28,24,27.2,10,12,1,2021
2021-12-11,1,43,15,23.9,11,12,1,2021
2021-12-12,1,47,20,9.5,12,12,1,2021
2021-12-13,1,26,20,13.7,13,12,1,2021
2021-12-14,1,25,27,4.1,14,12,1,2021
2021-12-15,1,29,29,6.8,15,12,1,2021
2021-12-16,1,19,29,25.9,16,12,1,2021
2021-12-17,1,33,18,23.7,17,12,1,2021
2021-12-18,1,36,27,19.8,18,12,1,2021
2021-12-19,1,14,22,29.5,19,12,1,2021
2021-12-20,1,14,18,19.5,20,12,1,2021
2021-12-21,1,35,22,15.7,21,12,1,2021
2021-12-22,1,30,29,11.7,22,12,1,2021
2021-12-23,1,28,27,30.9,23,12,1,2021
2021-12-24,1,17,22,3.4,24,12,2,2021
2021-12-25,1,3,19,30.6,25,12,2,2021
2021-12-26,1,16,27,27.3,26,12,1,2021
2021-12-27,1,46,29,5.0,27,12,1,2021
2021-12-28,1,30,18,18.9,28,12,1,2021
2021-12-29,1,52,26,28.5,29,12,1,2021
2021-12-30,1,29,27,19.1,30,12,1,2021
2021-12-31,1,45,16,29.8,31,12,1,2021
2022-01-01,1,15,25,31.0,1,1,1,2022
2022-01-02,1,46,29,14.3,2,1,1,2022
2022-01-03,1,25,17,12.9,3,1,1,2022
2022-01-04,1,51,17,30.8,4,1,1,2022
2022-01-05,1,38,18,22.4,5,1,1,2022
2022-01-06,1,42,18,4.5,6,1,1,2022
2022-01-07,1,47,24,2.2,7,1,1,2022
2022-01-08,1,52,25,18.9,8,1,1,2022
2022-01-09,1,38,25,30.6,9,1,1,2022
2022-01-10,1,23,19,27.8,10,1,1,2022
2022-01-11,1,25,18,22.4,11,1,1,2022
2022-01-12,1,42,25,5.3,12,1,1,2022
2022-01-13,1,7,28,8.9,13,1,1,2022
2022-01-14,1,22,24,28.8,14,1,1,2022
2022-01-15,1,17,22,6.6,15,1,1,2022
2022-01-16,1,18,20,9.7,16,1,1,2022
2022-01-17,1,49,20,4.9,17,1,1,2022
2022-01-18,1,41,22,22.4,18,1,1,2022
2022-01-19,1,10,21,31.0,19,1,1,2022
2022-01-20,1,10,29,9.4,20,1,1,2022
2022-01-21,1,7,24,16.0,21,1,1,2022
2022-01-22,1,48,28,21.1,22,1,1,2022
2022-01-23,1,50,25,32.8,23,1,1,2022
2022-01-24,1,38,26,4.2,24,1,1,2022
2022-01-25,1,27,24,16.8,25,1,1,2022
2022-01-26,1,52,27,13.1,26,1,1,2022
2022-01-27,1,33,22,28.5,27,1,1,2022
2022-01-28,1,1,28,16.0,28,1,1,2022
2022-01-29,1,44,16,4.4,29,1,1,2022
2022-01-30,1,34,23,21.1,30,1,1,2022
2022-01-31,1,4,15,25.5,31,1,1,2022
2022-02-01,1,17,29,0.9,1,2,1,2022
2022-02-02,1,4,22,28.3,2,2,1,2022
2022-02-03,1,43,26,6.8,3,2,1,2022
2022-02-04,1,26,25,18.5,4,2,1,2022
2022-02-05,1,4,26,14.1,5,2,1,2022
2022-02-06,1,1,26,23.8,6,2,1,2022
2022-02-07,1,7,18,12.7,7,2,1,2022
2022-02-08,1,30,18,28.6,8,2,1,2022
2022-02-09,1,50,19,24.2,9,2,1,2022
2022-02-10,1,9,22,21.5,10,2,1,2022
2022-02-11,1,35,19,26.3,11,2,1,2022
2022-02-12,1,8,22,24.9,12,2,1,2022
2022-02-13,1,24,29,2.0,13,2,1,2022
2022-02-14,1,19,24,13.4,14,2,1,2022
2022-02-15,1,36,15,30.6,15,2,1,2022
2022-02-16,1,50,26,4.8,16,2,1,2022
2022-02-17,1,52,29,24.4,17,2,1,2022
2022-02-18,1,43,24,32.0,18,2,1,2022
2022-02-19,1,27,23,2.5,19,2,1,2022
2022-02-20,1,32,20,22.6,20,2,1,2022
2022-02-21,1,14,17,15.8,21,2,1,2022
2022-02-22,1,18,27,19.3,22,2,1,2022
2022-02-23,1,28,28,3.5,23,2,1,2022
2022-02-24,1,29,22,2.2,24,2,1,2022
2022-02-25,1,16,23,22.1,25,2,1,2022
2022-02-26,1,35,20,27.1,26,2,1,2022
2022-02-27,1,47,25,25.8,27,2,1,2022
2022-02-28,1,31,21,18.2,28,2,1,2022
2022-03-01,1,4,15,4.0,1,3,1,2022
2022-03-02,1,37,28,22.8,2,3,1,2022
2022-03-03,1,17,19,8.5,3,3,1,2022
2022-03-04,1,39,19,30.0,4,3,1,2022
2022-03-05,1,48,24,27.6,5,3,1,2022
2022-03-06,1,46,28,23.5,6,3,1,2022
2022-03-07,1,26,18,31.2,7,3,1,2022
2022-03-08,1,48,20,1.8,8,3,1,2022
2022-03-09,1,39,21,24.4,9,3,1,2022
2022-03-10,1,41,23,11.4,10,3,1,2022
2022-03-11,1,4,15,29.8,11,3,1,2022
2022-03-12,1,30,29,9.3,12,3,1,2022
2022-03-13,1,30,20,24.0,13,3,1,2022
2022-03-14,1,22,21,28.9,14,3,1,2022
2022-03-15,1,11,17,2.1,15,3,1,2022
2022-03-16,1,2,22,13.5,16,3,1,2022
2022-03-17,1,44,29,25.2,17,3,1,2022
2022-03-18,1,12,19,15.4,18,3,1,2022
2022-03-19,1,30,29,9.4,19,3,1,2022
2022-03-20,1,36,23,7.8,20,3,1,2022
2022-03-21,1,18,19,5.0,21,3,1,2022
2022-03-22,1,26,23,28.2,22,3,1,2022
2022-03-23,1,7,24,19.2,23,3,1,2022
2022-03-24,1,1,18,3.2,24,3,1,2022
2022-03-25,1,26,23,13.0,25,3,1,2022
2022-03-26,1,23,19,12.6,26,3,1,2022
2022-03-27,1,26,24,6.6,27,3,1,2022
2022-03-28,1,45,23,14.7,28,3,1,2022
2022-03-29,1,6,17,11.4,29,3,1,2022
2022-03-30,1,6,29,11.7,30,3,1,2022
2022-03-31,1,44,18,24.4,31,3,1,2022
2022-04-01,1,8,23,7.9,1,4,1,2022
2022-04-02,1,24,24,21.3,2,4,1,2022
2022-04-03,1,22,25,19.1,3,4,1,2022
2022-04-04,1,19,20,19.0,4,4,1,2022
2022-04-05,1,37,16,22.0,5,4,1,2022
2022-04-06,1,18,21,18.3,6,4,1,2022
2022-04-07,1,31,16,28.9,7,4,1,2022
2022-04-08,1,37,25,22.4,8,4,1,2022
2022-04-09,1,30,16,18.3,9,4,1,2022
2022-04-10,1,42,25,27.4,10,4,1,2022
2022-04-11,1,33,15,20.2,11,4,1,2022
2022-04-12,1,10,25,10.1,12,4,1,2022
2022-04-13,1,37,25,7.4,13,4,1,2022
2022-04-14,1,12,26,5.7,14,4,1,2022
2022-04-15,1,30,25,29.6,15,4,1,2022
2022-04-16,1,27,17,23.5,16,4,1,2022
2022-04-17,1,39,20,30.8,17,4,1,2022
2022-04-18,1,9,22,20.1,18,4,1,2022
2022-04-19,1,21,23,15.9,19,4,1,2022
2022-04-20,1,12,21,2.7,20,4,1,2022
2022-04-21,1,29,18,22.3,21,4,1,2022
2022-04-22,1,33,20,19.4,22,4,1,2022
2022-04-23,1,43,19,32.5,23,4,1,2022
2022-04-24,1,15,22,8.5,24,4,1,2022
2022-04-25,1,2,15,17.8,25,4,1,2022
2022-04-26,1,52,15,21.6,26,4,1,2022
2022-04-27,1,39,27,21.4,27,4,1,2022
2022-04-28,1,44,29,18.8,28,4,1,2022
2022-04-29,1,18,25,25.7,29,4,1,2022
2022-04-30,1,3,20,7.4,30,4,1,2022
2022-05-01,1,7,24,24.0,1,5,1,2022
2022-05-02,1,43,26,20.6,2,5,1,2022
2022-05-03,1,18,16,29.5,3,5,1,2022
2022-05-04,1,44,19,27.9,4,5,1,2022
2022-05-05,1,38,15,10.9,5,5,1,2022
2022-05-06,1,37,21,9.6,6,5,1,2022
2022-05-07,1,33,15,32.2,7,5,1,2022
2022-05-08,1,44,18,17.7,8,5,1,2022
2022-05-09,1,31,23,29.8,9,5,1,2022
2022-05-10,1,11,15,6.0,10,5,1,2022
2022-05-11,1,4,18,21.4,11,5,1,2022
2022-05-12,1,18,20,26.7,12,5,1,2022
2022-05-13,1,4,20,31.1,13,5,1,2022
2022-05-14,1,49,26,11.6,14,5,1,2022
2022-05-15,1,34,29,24.0,15,5,1,2022
2022-05-16,1,29,27,18.0,16,5,1,2022
2022-05-17,1,24,22,2.7,17,5,1,2022
2022-05-18,1,22,15,22.9,18,5,1,2022
2022-05-19,1,2,21,22.9,19,5,1,2022
2022-05-20,1,44,15,30.6,20,5,1,2022
2022-05-21,1,6,27,16.7,21,5,1,2022
2022-05-22,1,42,28,8.2,22,5,1,2022
2022-05-23,1,25,21,2.2,23,5,1,2022
2022-05-24,1,21,17,14.1,24,5,1,2022
2022-05-25,1,16,25,10.5,25,5,1,2022
2022-05-26,1,31,22,25.2,26,5,1,2022
2022-05-27,1,14,17,12.1,27,5,1,2022
2022-05-28,1,39,28,31.2,28,5,1,2022
2022-05-29,1,28,28,31.6,29,5,1,2022
2022-05-30,1,32,27,20.7,30,5,1,2022
2022-05-31,1,28,15,30.5,31,5,1,2022
2022-06-01,1,51,27,25.1,1,6,1,2022
2022-06-02,1,49,27,18.3,2,6,1,2022
2022-06-03,1,9,28,6.6,3,6,1,2022
2022-06-04,1,45,22,15.5,4,6,1,2022
2022-06-05,1,22,17,18.7,5,6,1,2022
2022-06-06,1,32,16,28.4,6,6,1,2022
2022-06-07,1,5,15,16.2,7,6,1,2022
2022-06-08,1,23,28,29.5,8,6,1,2022
2022-06-09,1,5,17,22.4,9,6,1,2022
2022-06-10,1,42,29,5.2,10,6,1,2022
2022-06-11,1,32,16,32.6,11,6,1,2022
2022-06-12,1,10,16,17.7,12,6,1,2022
2022-06-13,1,39,20,13.3,13,6,1,2022
2022-06-14,1,15,26,21.9,14,6,1,2022
2022-06-15,1,7,15,4.3,15,6,1,2022
2022-06-16,1,29,16,21.2,16,6,1,2022
2022-06-17,1,47,28,16.7,17,6,1,2022
2022-06-18,1,3,20,13.8,18,6,1,2022
2022-06-19,1,19,17,31.3,19,6,1,2022
2022-06-20,1,10,29,17.5,20,6,1,2022
2022-06-21,1,28,18,7.8,21,6,1,2022
2022-06-22,1,29,15,15.5,22,6,1,2022
2022-06-23,1,15,22,30.2,23,6,1,2022
2022-06-24,1,35,27,6.4,24,6,1,2022
2022-06-25,1,6,21,7.6,25,6,1,2022
2022-06-26,1,12,21,1.2,26,6,1,2022
2022-06-27,1,47,17,1.3,27,6,1,2022
2022-06-28,1,38,24,27.3,28,6,1,2022
2022-06-29,1,13,24,24.2,29,6,1,2022
2022-06-30,1,29,17,12.2,30,6,1,2022
2022-07-01,1,19,28,23.1,1,7,1,2022
2022-07-02,1,3,16,13.4,2,7,1,2022
2022-07-03,1,8,26,31.3,3,7,1,2022
2022-07-04,1,8,15,31.7,4,7,1,2022
2022-07-05,1,20,21,13.4,5,7,1,2022
2022-07-06,1,47,21,28.1,6,7,1,2022
2022-07-07,1,4,26,25.5,7,7,1,2022
2022-07-08,1,51,16,10.7,8,7,1,2022
2022-07-09,1,21,21,8.2,9,7,1,2022
2022-07-10,1,3,27,15.5,10,7,1,2022
2022-07-11,1,45,22,25.8,11,7,1,2022
2022-07-12,1,8,15,31.5,12,7,1,2022
2022-07-13,1,23,23,25.2,13,7,1,2022
2022-07-14,1,16,21,28.2,14,7,1,2022
2022-07-15,1,13,17,20.1,15,7,1,2022
2022-07-16,1,3,22,27.5,16,7,1,2022
2022-07-17,1,48,21,25.9,17,7,1,2022
2022-07-18,1,9,25,12.9,18,7,1,2022
2022-07-19,1,14,29,18.5,19,7,1,2022
2022-07-20,1,13,27,26.6,20,7,1,2022
2022-07-21,1,7,22,2.3,21,7,1,2022
2022-07-22,1,15,20,26.7,22,7,1,2022
2022-07-23,1,7,23,6.5,23,7,1,2022
2022-07-24,1,38,29,17.3,24,7,1,2022
2022-07-25,1,34,19,26.7,25,7,1,2022
2022-07-26,1,41,17,8.9,26,7,1,2022
2022-07-27,1,22,17,8.7,27,7,1,2022
2022-07-28,1,24,15,13.7,28,7,1,2022
2022-07-29,1,49,26,29.4,29,7,1,2022
2022-07-30,1,37,29,0.8,30,7,1,2022
2022-07-31,1,44,22,29.6,31,7,1,2022
2022-08-01,1,1,16,5.7,1,8,1,2022
2022-08-02,1,10,17,32.5,2,8,1,2022
2022-08-03,1,43,22,31.4,3,8,1,2022
2022-08-04,1,16,28,16.6,4,8,1,2022
2022-08-05,1,46,22,17.2,5,8,1,2022
2022-08-06,1,8,28,16.2,6,8,1,2022
2022-08-07,1,49,25,21.1,7,8,1,2022
2022-08-08,1,25,18,3.7,8,8,1,2022
2022-08-09,1,50,18,1.8,9,8,1,2022
2022-08-10,1,12,19,2.6,10,8,1,2022
2022-08-11,1,25,20,15.0,11,8,1,2022
2022-08-12,1,17,19,9.6,12,8,1,2022
2022-08-13,1,26,28,20.7,13,8,1,2022
2022-08-14,1,46,29,32.6,14,8,1,2022
2022-08-15,1,48,21,13.2,15,8,1,2022
2022-08-16,1,14,16,19.2,16,8,1,2022
2022-08-17,1,41,21,14.1,17,8,1,2022
2022-08-18,1,36,24,27.9,18,8,1,2022
2022-08-19,1,23,21,29.7,19,8,1,2022
2022-08-20,1,43,15,28.9,20,8,1,2022
2022-08-21,1,6,21,32.0,21,8,1,2022
2022-08-22,1,47,19,1.7,22,8,1,2022
2022-08-23,1,5,17,27.7,23,8,1,2022
2022-08-24,1,43,27,24.9,24,8,1,2022
2022-08-25,1,25,17,8.1,25,8,1,2022
2022-08-26,1,18,18,31.4,26,8,1,2022
2022-08-27,1,13,27,5.5,27,8,1,2022
2022-08-28,1,43,26,22.5,28,8,1,2022
2022-08-29,1,14,16,8.0,29,8,1,2022
2022-08-30,1,28,16,14.6,30,8,1,2022
2022-08-31,1,18,15,23.8,31,8,1,2022
2022-09-01,1,28,29,18.8,1,9,1,2022
2022-09-02,1,51,19,14.5,2,9,1,2022
2022-09-03,1,27,18,11.2,3,9,1,2022
2022-09-04,1,32,25,27.7,4,9,1,2022
2022-09-05,1,47,24,5.4,5,9,1,2022
2022-09-06,1,9,29,14.6,6,9,1,2022
2022-09-07,1,40,16,29.7,7,9,1,2022
2022-09-08,1,32,17,27.9,8,9,1,2022
2022-09-09,1,20,21,13.6,9,9,1,2022
2022-09-10,1,28,21,25.2,10,9,1,2022
2022-09-11,1,33,26,27.1,11,9,1,2022
2022-09-12,1,4,18,29.2,12,9,1,2022
2022-09-13,1,46,19,18.2,13,9,1,2022
2022-09-14,1,34,19,7.3,14,9,1,2022
2022-09-15,1,48,20,9.0,15,9,1,2022
2022-09-16,1,3,28,10.3,16,9,1,2022
2022-09-17,1,26,23,19.8,17,9,1,2022
2022-09-18,1,8,16,1.8,18,9,1,2022
2022-09-19,1,6,19,21.2,19,9,1,2022
2022-09-20,1,16,26,12.5,20,9,1,2022
2022-09-21,1,24,17,10.2,21,9,1,2022
2022-09-22,1,48,18,28.9,22,9,1,2022
2022-09-23,1,39,24,15.5,23,9,1,2022
2022-09-24,1,30,20,3.8,24,9,1,2022
2022-09-25,1,45,26,27.3,25,9,1,2022
2022-09-26,1,13,22,2.3,26,9,1,2022
2022-09-27,1,5,15,24.1,27,9,1,2022
2022-09-28,1,25,24,25.6,28,9,1,2022
2022-09-29,1,20,28,12.1,29,9,1,2022
2022-09-30,1,18,22,27.2,30,9,1,2022
2022-10-01,1,47,25,17.3,1,10,1,2022
2022-10-02,1,18,28,15.6,2,10,1,2022
2022-10-03,1,2,21,2.3,3,10,1,2022
2022-10-04,1,10,15,10.1,4,10,1,2022
2022-10-05,1,45,16,30.6,5,10,1,2022
2022-10-06,1,50,17,13.3,6,10,1,2022
2022-10-07,1,47,15,18.3,7,10,1,2022
2022-10-08,1,12,28,17.8,8,10,1,2022
2022-10-09,1,47,23,19.7,9,10,1,2022
2022-10-10,1,13,22,2.8,10,10,1,2022
2022-10-11,1,50,16,12.4,11,10,1,2022
2022-10-12,1,47,27,23.9,12,10,1,2022
2022-10-13,1,11,23,7.2,13,10,1,2022
2022-10-14,1,19,21,7.3,14,10,1,2022
2022-10-15,1,35,23,1.1,15,10,1,2022
2022-10-16,1,39,20,14.8,16,10,1,2022
2022-10-17,1,26,20,29.0,17,10,1,2022
2022-10-18,1,46,25,2.5,18,10,1,2022
2022-10-19,1,14,28,6.9,19,10,1,2022
2022-10-20,1,45,18,10.7,20,10,1,2022
2022-10-21,1,44,24,24.2,21,10,1,2022
2022-10-22,1,24,24,21.3,22,10,1,2022
2022-10-23,1,41,27,14.1,23,10,1,2022
2022-10-24,1,1,27,25.1,24,10,1,2022
2022-10-25,1,51,16,20.3,25,10,1,2022
2022-10-26,1,43,21,29.5,26,10,1,2022
2022-10-27,1,22,19,27.0,27,10,1,2022
2022-10-28,1,23,25,8.9,28,10,1,2022
2022-10-29,1,19,20,9.5,29,10,1,2022
2022-10-30,1,18,16,4.8,30,10,1,2022
2022-10-31,1,12,19,11.6,31,10,1,2022
2022-11-01,1,28,24,32.8,1,11,1,2022
2022-11-02,1,28,18,13.8,2,11,1,2022
2022-11-03,1,33,23,7.9,3,11,1,2022
2022-11-04,1,19,20,25.2,4,11,1,2022
2022-11-05,1,28,16,18.2,5,11,1,2022
2022-11-06,1,52,15,5.6,6,11,1,2022
2022-11-07,1,49,19,13.0,7,11,1,2022
2022-11-08,1,37,23,14.1,8,11,1,2022
2022-11-09,1,26,20,24.9,9,11,1,2022
2022-11-10,1,35,24,1.5,10,11,1,2022
2022-11-11,1,34,26,9.4,11,11,1,2022
2022-11-12,1,35,21,17.4,12,11,1,2022
2022-11-13,1,40,19,9.4,13,11,1,2022
2022-11-14,1,16,24,20.9,14,11,1,2022
2022-11-15,1,38,20,16.2,15,11,1,2022
2022-11-16,1,13,19,12.4,16,11,1,2022
2022-11-17,1,23,25,31.2,17,11,1,2022
2022-11-18,1,22,23,21.0,18,11,1,2022
2022-11-19,1,16,29,5.0,19,11,1,2022
2022-11-20,1,28,20,18.7,20,11,1,2022
2022-11-21,1,48,25,25.8,21,11,1,2022
2022-11-22,1,35,22,23.5,22,11,1,2022
2022-11-23,1,45,16,6.3,23,11,1,2022
2022-11-24,1,46,26,31.9,24,11,1,2022
2022-11-25,1,8,27,15.2,25,11,1,2022
2022-11-26,1,44,23,5.9,26,11,1,2022
2022-11-27,1,22,19,6.6,27,11,1,2022
2022-11-28,1,21,21,3.9,28,11,1,2022
2022-11-29,1,26,24,26.5,29,11,1,2022
2022-11-30,1,40,27,4.7,30,11,1,2022
2022-12-01,1,21,15,4.8,1,12,1,2022
2022-12-02,1,25,24,28.0,2,12,1,2022
2022-12-03,1,41,19,11.8,3,12,1,2022
2022-12-04,1,1,26,1.8,4,12,1,2022
2022-12-05,1,6,28,2.5,5,12,1,2022
2022-12-06,1,23,24,5.3,6,12,1,2022
2022-12-07,1,51,28,7.6,7,12,1,2022
2022-12-08,1,23,16,22.1,8,12,1,2022
2022-12-09,1,43,26,5.8,9,12,1,2022
2022-12-10,1,43,20,4.6,10,12,1,2022
2022-12-11,1,23,25,25.3,11,12,1,2022
2022-12-12,1,32,15,22.3,12,12,1,2022
2022-12-13,1,30,17,14.7,13,12,1,2022
2022-12-14,1,13,19,18.4,14,12,1,2022
2022-12-15,1,43,18,10.8,15,12,1,2022
2022-12-16,1,18,17,16.2,16,12,1,2022
2022-12-17,1,23,24,17.0,17,12,1,2022
2022-12-18,1,15,27,13.2,18,12,1,2022
2022-12-19,1,33,19,29.8,19,12,1,2022
2022-12-20,1,21,25,1.3,20,12,1,2022
2022-12-21,1,39,22,25.8,21,12,1,2022
2022-12-22,1,23,25,4.8,22,12,1,2022
2022-12-23,1,27,18,26.3,23,12,1,2022
2022-12-24,1,45,15,20.5,24,12,1,2022
2022-12-25,1,44,25,27.8,25,12,1,2022
2022-12-26,1,18,21,3.9,26,12,1,2022
2022-12-27,1,24,22,18.7,27,12,1,2022
2022-12-28,1,51,17,16.8,28,12,1,2022
2022-12-29,1,47,20,23.4,29,12,1,2022
2022-12-30,1,40,16,17.9,30,12,1,2022
2022-12-31,1,51,21,18.1,31,12,1,2022
2023-01-01,1,42,29,14.5,1,1,1,2023
2023-01-02,1,7,22,10.7,2,1,1,2023
2023-01-03,1,50,20,16.2,3,1,1,2023
2023-01-04,1,48,20,4.6,4,1,1,2023
2023-01-05,1,20,19,31.6,5,1,1,2023
2023-01-06,1,27,22,23.7,6,1,1,2023
2023-01-07,1,6,15,31.3,7,1,1,2023
2023-01-08,1,27,24,8.1,8,1,1,2023
2023-01-09,1,9,18,28.9,9,1,1,2023
2023-01-10,1,45,29,26.7,10,1,1,2023
2023-01-11,1,31,18,22.5,11,1,1,2023
2023-01-12,1,21,17,20.8,12,1,1,2023
2023-01-13,1,26,17,10.9,13,1,1,2023
2023-01-14,1,40,18,26.9,14,1,1,2023
2023-01-15,1,48,25,16.8,15,1,1,2023
2023-01-16,1,45,15,3.1,16,1,1,2023
2023-01-17,1,13,28,10.8,17,1,1,2023
2023-01-18,1,49,25,30.7,18,1,1,2023
2023-01-19,1,23,27,28.0,19,1,1,2023
2023-01-20,1,20,25,32.2,20,1,1,2023
2023-01-21,1,37,16,20.9,21,1,1,2023
2023-01-22,1,28,23,8.7,22,1,1,2023
2023-01-23,1,17,24,6.0,23,1,1,2023
2023-01-24,1,28,16,6.8,24,1,1,2023
2023-01-25,1,41,19,1.4,25,1,1,2023
2023-01-26,1,2,23,13.3,26,1,1,2023
2023-01-27,1,25,23,6.9,27,1,1,2023
2023-01-28,1,50,22,14.0,28,1,1,2023
2023-01-29,1,41,15,30.7,29,1,1,2023
2023-01-30,1,6,15,14.6,30,1,1,2023
2023-01-31,1,11,23,28.9,31,1,1,2023
2023-02-01,1,38,27,20.2,1,2,1,2023
2023-02-02,1,6,25,8.7,2,2,1,2023
2023-02-03,1,45,22,12.2,3,2,1,2023
2023-02-04,1,11,24,3.5,4,2,1,2023
2023-02-05,1,14,23,11.5,5,2,1,2023
2023-02-06,1,2,21,22.5,6,2,1,2023
2023-02-07,1,40,17,3.1,7,2,1,2023
2023-02-08,1,3,17,7.4,8,2,1,2023
2023-02-09,1,35,16,13.0,9,2,1,2023
2023-02-10,1,33,19,32.2,10,2,1,2023
2023-02-11,1,24,26,25.9,11,2,1,2023
2023-02-12,1,19,26,24.3,12,2,1,2023
2023-02-13,1,18,17,4.5,13,2,1,2023
2023-02-14,1,49,28,25.8,14,2,1,2023
2023-02-15,1,52,20,25.9,15,2,1,2023
2023-02-16,1,24,16,20.0,16,2,1,2023
2023-02-17,1,45,26,32.5,17,2,1,2023
2023-02-18,1,35,17,11.2,18,2,1,2023
2023-02-19,1,1,19,30.9,19,2,1,2023
2023-02-20,1,36,26,30.1,20,2,1,2023
2023-02-21,1,25,25,1.2,21,2,1,2023
2023-02-22,1,45,25,15.2,22,2,1,2023
2023-02-23,1,49,15,32.1,23,2,1,2023
2023-02-24,1,43,27,4.1,24,2,1,2023
2023-02-25,1,34,15,18.3,25,2,1,2023
2023-02-26,1,25,24,32.1,26,2,1,2023
2023-02-27,1,16,23,18.6,27,2,1,2023
2023-02-28,1,34,21,6.9,28,2,1,2023
2023-03-01,1,29,15,19.4,1,3,1,2023
2023-03-02,1,19,29,7.3,2,3,1,2023
2023-03-03,1,23,26,17.4,3,3,1,2023
2023-03-04,1,19,28,3.2,4,3,1,2023
2023-03-05,1,25,22,20.2,5,3,1,2023
2023-03-06,1,16,17,17.3,6,3,1,2023
2023-03-07,1,51,22,24.5,7,3,1,2023
2023-03-08,1,9,29,21.0,8,3,1,2023
2023-03-09,1,1,19,18.4,9,3,1,2023
2023-03-10,1,42,15,22.9,10,3,1,2023
2023-03-11,1,19,21,5.4,11,3,1,2023
2023-03-12,1,33,19,19.9,12,3,1,2023
2023-03-13,1,34,20,6.3,13,3,1,2023
2023-03-14,1,16,20,30.4,14,3,1,2023
2023-03-15,1,44,22,3.0,15,3,1,2023
2023-03-16,1,40,23,14.6,16,3,1,2023
2023-03-17,1,18,16,23.1,17,3,1,2023
2023-03-18,1,34,23,15.5,18,3,1,2023
2023-03-19,1,25,26,3.7,19,3,1,2023
2023-03-20,1,45,29,18.5,20,3,1,2023
2023-03-21,1,6,25,21.3,21,3,1,2023
2023-03-22,1,21,24,23.3,22,3,1,2023
2023-03-23,1,6,23,12.7,23,3,1,2023
2023-03-24,1,32,27,18.8,24,3,1,2023
2023-03-25,1,41,24,15.2,25,3,1,2023
2023-03-26,1,48,29,22.3,26,3,1,2023
2023-03-27,1,43,24,19.5,27,3,1,2023
2023-03-28,1,39,21,17.6,28,3,1,2023
2023-03-29,1,31,15,8.8,29,3,1,2023
2023-03-30,1,42,21,0.9,30,3,1,2023
2023-03-31,1,10,24,6.4,31,3,1,2023
2023-04-01,1,30,19,4.5,1,4,1,2023
2023-04-02,1,52,20,15.2,2,4,1,2023
2023-04-03,1,18,24,20.4,3,4,1,2023
2023-04-04,1,24,21,7.6,4,4,1,2023
2023-04-05,1,52,28,30.8,5,4,1,2023
2023-04-06,1,9,29,1.0,6,4,1,2023
2023-04-07,1,31,19,25.5,7,4,1,2023
2023-04-08,1,15,21,20.8,8,4,1,2023
2023-04-09,1,4,23,12.8,9,4,1,2023
2023-04-10,1,40,17,2.4,10,4,1,2023
2023-04-11,1,9,22,20.9,11,4,1,2023
2023-04-12,1,45,16,13.1,12,4,1,2023
2023-04-13,1,9,25,30.8,13,4,1,2023
2023-04-14,1,26,21,18.1,14,4,1,2023
2023-04-15,1,4,27,30.9,15,4,1,2023
2023-04-16,1,17,16,7.9,16,4,1,2023
2023-04-17,1,16,29,24.0,17,4,1,2023
2023-04-18,1,15,28,20.6,18,4,1,2023
2023-04-19,1,35,18,24.5,19,4,1,2023
2023-04-20,1,52,21,7.7,20,4,1,2023
2023-04-21,1,5,17,22.1,21,4,1,2023
2023-04-22,1,5,16,16.7,22,4,1,2023
2023-04-23,1,20,25,24.6,23,4,1,2023
2023-04-24,1,15,24,11.3,24,4,1,2023
2023-04-25,1,18,21,29.3,25,4,1,2023
2023-04-26,1,47,15,3.5,26,4,1,2023
2023-04-27,1,2,28,26.6,27,4,1,2023
2023-04-28,1,29,29,28.4,28,4,1,2023
2023-04-29,1,13,22,27.0,29,4,1,2023
2023-04-30,1,4,17,17.2,30,4,1,2023
2023-05-01,1,42,26,14.8,1,5,1,2023
2023-05-02,1,45,26,32.7,2,5,1,2023
2023-05-03,1,10,27,8.1,3,5,1,2023
2023-05-04,1,31,16,18.3,4,5,1,2023
2023-05-05,1,41,17,22.3,5,5,1,2023
2023-05-06,1,8,19,23.2,6,5,1,2023
2023-05-07,1,3,25,7.3,7,5,1,2023
2023-05-08,1,48,22,21.7,8,5,1,2023
2023-05-09,1,46,24,27.0,9,5,1,2023
2023-05-10,1,9,21,2.4,10,5,1,2023
2023-05-11,1,30,21,30.0,11,5,1,2023
2023-05-12,1,11,26,1.7,12,5,1,2023
2023-05-13,1,35,21,12.2,13,5,1,2023
2023-05-14,1,37,29,1.3,14,5,1,2023
2023-05-15,1,42,22,3.3,15,5,1,2023
2023-05-16,1,13,15,30.0,16,5,1,2023
2023-05-17,1,36,18,12.2,17,5,1,2023
2023-05-18,1,13,27,14.4,18,5,1,2023
2023-05-19,1,12,20,7.7,19,5,1,2023
2023-05-20,1,37,23,19.9,20,5,1,2023
2023-05-21,1,10,27,19.8,21,5,1,2023
2023-05-22,1,9,16,12.7,22,5,1,2023
2023-05-23,1,52,15,11.5,23,5,1,2023
2023-05-24,1,7,27,29.1,24,5,1,2023
2023-05-25,1,2,24,13.1,25,5,1,2023
2023-05-26,1,23,26,16.6,26,5,1,2023
2023-05-27,1,39,28,9.9,27,5,1,2023
2023-05-28,1,40,16,26.0,28,5,1,2023
2023-05-29,1,39,21,13.5,29,5,1,2023
2023-05-30,1,21,17,17.2,30,5,1,2023
2023-05-31,1,23,24,8.9,31,5,1,2023
2023-06-01,1,29,16,32.4,1,6,1,2023
2023-06-02,1,14,28,10.1,2,6,1,2023
2023-06-03,1,26,25,25.5,3,6,1,2023
2023-06-04,1,51,21,14.5,4,6,1,2023
2023-06-05,1,5,27,7.4,5,6,1,2023
2023-06-06,1,31,27,26.4,6,6,1,2023
2023-06-07,1,25,16,11.5,7,6,1,2023
2023-06-08,1,31,17,28.5,8,6,1,2023
2023-06-09,1,50,25,30.1,9,6,1,2023
2023-06-10,1,20,21,28.3,10,6,1,2023
2023-06-11,1,44,28,1.9,11,6,1,2023
2023-06-12,1,17,18,26.0,12,6,1,2023
2023-06-13,1,45,27,14.0,13,6,1,2023
2023-06-14,1,2,28,28.8,14,6,1,2023
2023-06-15,1,25,15,21.2,15,6,1,2023
2023-06-16,1,13,27,27.5,16,6,1,2023
2023-06-17,1,39,28,16.8,17,6,1,2023
2023-06-18,1,28,19,17.9,18,6,1,2023
2023-06-19,1,42,26,5.4,19,6,1,2023
2023-06-20,1,6,23,25.9,20,6,1,2023
2023-06-21,1,3,22,14.2,21,6,1,2023
2023-06-22,1,35,26,16.8,22,6,1,2023
2023-06-23,1,18,29,25.9,23,6,1,2023
2023-06-24,1,11,23,20.0,24,6,1,2023
2023-06-25,1,20,24,7.2,25,6,1,2023
2023-06-26,1,5,28,19.7,26,6,1,2023
2023-06-27,1,19,23,13.8,27,6,1,2023
2023-06-28,1,22,29,15.8,28,6,1,2023
2023-06-29,1,19,21,1.7,29,6,1,2023
2023-06-30,1,47,18,7.5,30,6,1,2023
2023-07-01,1,16,19,9.8,1,7,1,2023
2023-07-02,1,24,15,23.6,2,7,1,2023
2023-07-03,1,41,28,1.2,3,7,1,2023
2023-07-04,1,4,15,13.9,4,7,1,2023
2023-07-05,1,15,17,30.4,5,7,1,2023
2023-07-06,1,25,27,4.4,6,7,1,2023
2023-07-07,1,44,28,17.3,7,7,1,2023
2023-07-08,1,35,22,26.0,8,7,1,2023
2023-07-09,1,14,28,31.0,9,7,1,2023
2023-07-10,1,49,16,24.7,10,7,1,2023
2023-07-11,1,19,18,23.9,11,7,1,2023
2023-07-12,1,38,16,27.2,12,7,1,2023
2023-07-13,1,36,28,15.1,13,7,1,2023
2023-07-14,1,7,19,26.6,14,7,1,2023
2023-07-15,1,30,23,1.1,15,7,1,2023
2023-07-16,1,19,15,30.4,16,7,1,2023
2023-07-17,1,49,19,15.0,17,7,1,2023
2023-07-18,1,25,28,18.5,18,7,1,2023
2023-07-19,1,16,29,9.0,19,7,1,2023
2023-07-20,1,47,23,24.6,20,7,1,2023
2023-07-21,1,40,29,3.3,21,7,1,2023
2023-07-22,1,51,15,28.7,22,7,1,2023
2023-07-23,1,8,23,27.3,23,7,1,2023
2023-07-24,1,18,22,7.7,24,7,1,2023
2023-07-25,1,28,18,26.7,25,7,1,2023
2023-07-26,1,16,26,26.0,26,7,1,2023
2023-07-27,1,52,25,21.0,27,7,1,2023
2023-07-28,1,19,24,12.8,28,7,1,2023
2023-07-29,1,42,19,9.5,29,7,1,2023
2023-07-30,1,17,27,8.2,30,7,1,2023
2023-07-31,1,45,19,11.0,31,7,1,2023
2023-08-01,1,13,25,29.7,1,8,1,2023
2023-08-02,1,7,26,3.3,2,8,1,2023
2023-08-03,1,27,20,27.3,3,8,1,2023
2023-08-04,1,10,21,12.0,4,8,1,2023
2023-08-05,1,34,22,17.5,5,8,1,2023
2023-08-06,1,36,29,26.2,6,8,1,2023
2023-08-07,1,25,28,29.1,7,8,1,2023
2023-08-08,1,6,22,11.8,8,8,1,2023
2023-08-09,1,24,25,15.6,9,8,1,2023
2023-08-10,1,18,28,14.1,10,8,1,2023
2023-08-11,1,23,27,1.2,11,8,1,2023
2023-08-12,1,6,16,10.3,12,8,1,2023
2023-08-13,1,29,23,15.5,13,8,1,2023
2023-08-14,1,25,21,14.0,14,8,1,2023
2023-08-15,1,17,18,23.9,15,8,1,2023
2023-08-16,1,46,18,13.1,16,8,1,2023
2023-08-17,1,24,25,16.5,17,8,1,2023
2023-08-18,1,11,22,14.5,18,8,1,2023
2023-08-19,1,26,18,24.5,19,8,1,2023
2023-08-20,1,51,27,28.4,20,8,1,2023
2023-08-21,1,34,29,17.8,21,8,1,2023
2023-08-22,1,28,20,26.1,22,8,1,2023
2023-08-23,1,3,19,10.3,23,8,1,2023
2023-08-24,1,11,17,18.1,24,8,1,2023
2023-08-25,1,38,27,11.8,25,8,1,2023
2023-08-26,1,14,28,14.1,26,8,1,2023
2023-08-27,1,51,24,24.2,27,8,1,2023
2023-08-28,1,26,25,29.0,28,8,1,2023
2023-08-29,1,48,16,4.7,29,8,1,2023
2023-08-30,1,21,23,21.1,30,8,1,2023
2023-08-31,1,39,24,19.4,31,8,1,2023
2023-09-01,1,30,23,4.6,1,9,1,2023
2023-09-02,1,8,15,7.6,2,9,1,2023
2023-09-03,1,51,24,10.8,3,9,1,2023
2023-09-04,1,20,17,6.1,4,9,1,2023
2023-09-05,1,48,22,8.6,5,9,1,2023
2023-09-06,1,32,20,9.4,6,9,1,2023
2023-09-07,1,22,19,11.5,7,9,1,2023
2023-09-08,1,7,19,24.8,8,9,1,2023
2023-09-09,1,9,20,19.1,9,9,1,2023
2023-09-10,1,45,29,32.4,10,9,1,2023
2023-09-11,1,1,21,14.1,11,9,1,2023
2023-09-12,1,29,15,24.9,12,9,1,2023
2023-09-13,1,8,23,28.7,13,9,1,2023
2023-09-14,1,4,17,22.5,14,9,1,2023
2023-09-15,1,35,18,14.0,15,9,1,2023
2023-09-16,1,3,24,24.9,16,9,1,2023
2023-09-17,1,45,15,7.3,17,9,1,2023
2023-09-18,1,40,27,11.3,18,9,1,2023
2023-09-19,1,7,25,18.3,19,9,1,2023
2023-09-20,1,27,24,19.2,20,9,1,2023
2023-09-21,1,1,17,1.5,21,9,1,2023
2023-09-22,1,27,16,31.0,22,9,1,2023
2023-09-23,1,16,16,23.1,23,9,1,2023
2023-09-24,1,38,28,16.7,24,9,1,2023
2023-09-25,1,7,15,30.7,25,9,1,2023
2023-09-26,1,44,22,14.9,26,9,1,2023
2023-09-27,1,23,17,32.2,27,9,1,2023
2023-09-28,1,41,17,17.2,28,9,1,2023
2023-09-29,1,11,20,4.5,29,9,1,2023
2023-09-30,1,42,27,25.3,30,9,1,2023
2023-10-01,1,33,22,22.5,1,10,1,2023
2023-10-02,1,50,27,25.5,2,10,1,2023
2023-10-03,1,36,29,31.2,3,10,1,2023
2023-10-04,1,37,23,25.6,4,10,1,2023
2023-10-05,1,41,23,20.4,5,10,1,2023
2023-10-06,1,17,18,28.2,6,10,1,2023
2023-10-07,1,35,28,22.3,7,10,1,2023
2023-10-08,1,48,19,13.9,8,10,1,2023
2023-10-09,1,5,16,29.1,9,10,1,2023
2023-10-10,1,48,25,7.9,10,10,1,2023
2023-10-11,1,32,23,23.7,11,10,1,2023
2023-10-12,1,3,22,29.0,12,10,1,2023
2023-10-13,1,52,17,24.2,13,10,1,2023
2023-10-14,1,47,25,23.1,14,10,1,2023
2023-10-15,1,35,26,24.9,15,10,1,2023
2023-10-16,1,52,27,15.7,16,10,1,2023
2023-10-17,1,14,23,28.8,17,10,1,2023
2023-10-18,1,48,17,7.3,18,10,1,2023
2023-10-19,1,31,23,4.9,19,10,1,2023
2023-10-20,1,31,16,9.9,20,10,1,2023
2023-10-21,1,17,26,17.8,21,10,1,2023
2023-10-22,1,24,24,17.1,22,10,1,2023
2023-10-23,1,52,23,27.1,23,10,1,2023
2023-10-24,1,23,29,13.7,24,10,1,2023
2023-10-25,1,18,22,16.3,25,10,1,2023
2023-10-26,1,50,23,1.2,26,10,1,2023
2023-10-27,1,14,19,13.9,27,10,1,2023
2023-10-28,1,50,25,21.5,28,10,1,2023
2023-10-29,1,15,25,1.3,29,10,1,2023
2023-10-30,1,15,16,9.8,30,10,1,2023
2023-10-31,1,6,22,7.5,31,10,1,2023
2023-11-01,1,27,26,2.1,1,11,1,2023
2023-11-02,1,15,29,16.1,2,11,1,2023
2023-11-03,1,50,20,6.6,3,11,1,2023
2023-11-04,1,36,22,24.6,4,11,1,2023
2023-11-05,1,8,25,27.9,5,11,1,2023
2023-11-06,1,15,19,18.3,6,11,1,2023
2023-11-07,1,3,24,32.2,7,11,1,2023
2023-11-08,1,47,16,15.2,8,11,1,2023
2023-11-09,1,13,20,17.2,9,11,1,2023
2023-11-10,1,41,19,32.5,10,11,1,2023
2023-11-11,1,34,26,8.2,11,11,1,2023
2023-11-12,1,24,27,31.0,12,11,1,2023
2023-11-13,1,40,26,2.2,13,11,1,2023
2023-11-14,1,32,19,15.1,14,11,1,2023
2023-11-15,1,32,27,3.0,15,11,1,2023
2023-11-16,1,30,15,24.1,16,11,1,2023
2023-11-17,1,52,16,20.3,17,11,1,2023
2023-11-18,1,49,22,23.4,18,11,1,2023
2023-11-19,1,13,27,12.8,19,11,1,2023
2023-11-20,1,1,28,12.6,20,11,1,2023
2023-11-21,1,34,27,2.3,21,11,1,2023
2023-11-22,1,15,17,12.0,22,11,1,2023
2023-11-23,1,44,24,30.5,23,11,1,2023
2023-11-24,1,14,17,12.9,24,11,1,2023
2023-11-25,1,29,22,27.4,25,11,1,2023
2023-11-26,1,34,22,27.8,26,11,1,2023
2023-11-27,1,18,16,12.7,27,11,1,2023
2023-11-28,1,7,22,21.0,28,11,1,2023
2023-11-29,1,29,25,3.9,29,11,1,2023
2023-11-30,1,31,27,4.1,30,11,1,2023
2023-12-01,1,25,27,2.4,1,12,1,2023
2023-12-02,1,38,15,19.4,2,12,1,2023
2023-12-03,1,14,20,14.4,3,12,1,2023
2023-12-04,1,8,22,18.3,4,12,1,2023
2023-12-05,1,27,17,17.5,5,12,1,2023
2023-12-06,1,2,22,12.0,6,12,1,2023
2023-12-07,1,17,26,22.5,7,12,1,2023
2023-12-08,1,37,15,25.1,8,12,1,2023
2023-12-09,1,14,25,1.3,9,12,1,2023
2023-12-10,1,25,25,7.4,10,12,1,2023
2023-12-11,1,30,23,23.6,11,12,1,2023
2023-12-12,1,29,27,13.2,12,12,1,2023
2023-12-13,1,20,25,22.0,13,12,1,2023
2023-12-14,1,21,27,11.9,14,12,1,2023
2023-12-15,1,22,23,13.3,15,12,1,2023
2023-12-16,1,35,19,5.9,16,12,1,2023
2023-12-17,1,37,24,9.1,17,12,1,2023
2023-12-18,1,16,18,20.2,18,12,1,2023
2023-12-19,1,50,29,14.7,19,12,1,2023
2023-12-20,1,49,25,25.6,20,12,1,2023
2023-12-21,1,43,20,28.1,21,12,1,2023
2023-12-22,1,17,26,18.1,22,12,1,2023
2023-12-23,1,16,21,25.1,23,12,1,2023
2023-12-24,1,2,19,10.6,24,12,1,2023
2023-12-25,1,4,25,14.1,25,12,1,2023
2023-12-26,1,21,27,23.6,26,12,1,2023
2023-12-27,1,39,24,13.2,27,12,1,2023
2023-12-28,1,34,23,19.6,28,12,1,2023
2023-12-29,1,30,17,6.7,29,12,1,2023
2023-12-30,1,6,29,20.0,30,12,1,2023
2023-12-31,1,17,21,28.4,31,12,1,2023
